#! /c/Source/iverilog-install/bin/vvp
:ivl_version "14.0 (devel)";
:ivl_delay_selection "TYPICAL";
:vpi_time_precision - 12;
:vpi_module "C:\iverilog\lib\ivl\system.vpi";
:vpi_module "C:\iverilog\lib\ivl\vhdl_sys.vpi";
:vpi_module "C:\iverilog\lib\ivl\vhdl_textio.vpi";
:vpi_module "C:\iverilog\lib\ivl\v2005_math.vpi";
:vpi_module "C:\iverilog\lib\ivl\va_math.vpi";
S_00000272D12E46D0 .scope module, "tb_riscv_single" "tb_riscv_single" 2 4;
 .timescale -9 -12;
v00000272D1441030_0 .var "clk", 0 0;
v00000272D143F9B0_0 .var "rst_n", 0 0;
S_00000272D12E4860 .scope module, "uut" "riscv_single" 2 10, 3 4 0, S_00000272D12E46D0;
 .timescale -9 -12;
    .port_info 0 /INPUT 1 "clk";
    .port_info 1 /INPUT 1 "rst_n";
v00000272D1440950_0 .net "alu_control", 2 0, v00000272D1402E60_0;  1 drivers
v00000272D143EB50_0 .net "alu_result", 31 0, L_00000272D14D64C0;  1 drivers
v00000272D1440810_0 .net "alu_src", 0 0, v00000272D1403220_0;  1 drivers
v00000272D143F370_0 .net "clk", 0 0, v00000272D1441030_0;  1 drivers
v00000272D143F410_0 .net "imm_ext", 31 0, v00000272D1414C40_0;  1 drivers
v00000272D143F7D0_0 .net "imm_src", 1 0, L_00000272D145AD40;  1 drivers
v00000272D143FC30_0 .net "instr", 31 0, L_00000272D145B6E0;  1 drivers
v00000272D143EF10_0 .net "mem_write", 0 0, L_00000272D145C080;  1 drivers
v00000272D143F730_0 .net "pc", 31 0, v00000272D1413DE0_0;  1 drivers
v00000272D1440EF0_0 .net "pc_next", 31 0, L_00000272D143EA10;  1 drivers
v00000272D1440D10_0 .net "pc_plus4", 31 0, L_00000272D1443790;  1 drivers
v00000272D143F4B0_0 .net "pc_src", 0 0, L_00000272D145B980;  1 drivers
v00000272D143F870_0 .net "pc_target", 31 0, L_00000272D14CCD50;  1 drivers
v00000272D1440310_0 .net "rd2", 31 0, L_00000272D1444410;  1 drivers
v00000272D143ED30_0 .net "read_data", 31 0, L_00000272D14D9790;  1 drivers
v00000272D143EFB0_0 .net "reg_write", 0 0, L_00000272D145B9F0;  1 drivers
v00000272D143FFF0_0 .net "result", 31 0, v00000272D143C990_0;  1 drivers
v00000272D143FEB0_0 .net "result_src", 1 0, L_00000272D145B7C0;  1 drivers
v00000272D1440590_0 .net "rst_n", 0 0, v00000272D143F9B0_0;  1 drivers
v00000272D1440C70_0 .net "src_a", 31 0, L_00000272D1443A10;  1 drivers
v00000272D143F910_0 .net "src_b", 31 0, L_00000272D1444230;  1 drivers
v00000272D143EBF0_0 .net "zero", 0 0, L_00000272D14CA0F0;  1 drivers
L_00000272D1443C90 .part L_00000272D145B6E0, 0, 7;
L_00000272D1444050 .part L_00000272D145B6E0, 12, 3;
L_00000272D1443D30 .part L_00000272D145B6E0, 30, 1;
L_00000272D1444550 .part L_00000272D145B6E0, 15, 5;
L_00000272D1443DD0 .part L_00000272D145B6E0, 20, 5;
L_00000272D1444730 .part L_00000272D145B6E0, 7, 5;
L_00000272D1443F10 .part L_00000272D145B6E0, 7, 25;
S_00000272D1016690 .scope module, "u_alu" "alu" 3 113, 4 1 0, S_00000272D12E4860;
 .timescale -9 -12;
    .port_info 0 /INPUT 32 "Src_A";
    .port_info 1 /INPUT 32 "Src_B";
    .port_info 2 /INPUT 3 "ALU_Control";
    .port_info 3 /OUTPUT 32 "ALU_Result";
    .port_info 4 /OUTPUT 1 "Zero";
L_00000272D145BA60 .functor AND 32, L_00000272D1443A10, L_00000272D1444230, C4<11111111111111111111111111111111>, C4<11111111111111111111111111111111>;
L_00000272D145B440 .functor OR 32, L_00000272D1443A10, L_00000272D1444230, C4<00000000000000000000000000000000>, C4<00000000000000000000000000000000>;
L_00000272D14D64C0 .functor BUFZ 32, v00000272D14020A0_0, C4<00000000000000000000000000000000>, C4<00000000000000000000000000000000>, C4<00000000000000000000000000000000>;
v00000272D1403CC0_0 .net "ALU_Control", 2 0, v00000272D1402E60_0;  alias, 1 drivers
v00000272D1403F40_0 .net "ALU_Result", 31 0, L_00000272D14D64C0;  alias, 1 drivers
v00000272D1403FE0_0 .net "Src_A", 31 0, L_00000272D1443A10;  alias, 1 drivers
v00000272D14034A0_0 .net "Src_B", 31 0, L_00000272D1444230;  alias, 1 drivers
v00000272D1402000_0 .net "Zero", 0 0, L_00000272D14CA0F0;  alias, 1 drivers
L_00000272D145EC48 .functor BUFT 1, C4<00000000000000000000000000000000>, C4<0>, C4<0>, C4<0>;
v00000272D1402C80_0 .net/2u *"_ivl_14", 31 0, L_00000272D145EC48;  1 drivers
L_00000272D145EC00 .functor BUFT 1, C4<0000000000000000000000000000000>, C4<0>, C4<0>, C4<0>;
v00000272D1401920_0 .net/2u *"_ivl_6", 30 0, L_00000272D145EC00;  1 drivers
v00000272D1401CE0_0 .net *"_ivl_9", 0 0, L_00000272D14C9C90;  1 drivers
v00000272D1403180_0 .net "andResult", 31 0, L_00000272D145BA60;  1 drivers
v00000272D14032C0_0 .net "cout", 0 0, L_00000272D14C8890;  1 drivers
v00000272D1402500_0 .net "orResult", 31 0, L_00000272D145B440;  1 drivers
v00000272D14020A0_0 .var "resultMux", 31 0;
v00000272D14019C0_0 .net "sltResult", 31 0, L_00000272D14C8C50;  1 drivers
v00000272D1403040_0 .net "sumResult", 31 0, L_00000272D14C7DF0;  1 drivers
E_00000272D1378650/0 .event anyedge, v00000272D1403CC0_0, v00000272D1403400_0, v00000272D1403180_0, v00000272D1402500_0;
E_00000272D1378650/1 .event anyedge, v00000272D14019C0_0;
E_00000272D1378650 .event/or E_00000272D1378650/0, E_00000272D1378650/1;
L_00000272D14C8ED0 .part v00000272D1402E60_0, 0, 1;
L_00000272D14C9C90 .part L_00000272D14C7DF0, 31, 1;
L_00000272D14C8C50 .concat [ 1 31 0 0], L_00000272D14C9C90, L_00000272D145EC00;
L_00000272D14CA0F0 .cmp/eq 32, v00000272D14020A0_0, L_00000272D145EC48;
S_00000272D1016820 .scope module, "u_adder" "adder_32" 4 20, 5 1 0, S_00000272D1016690;
 .timescale -9 -12;
    .port_info 0 /INPUT 32 "a";
    .port_info 1 /INPUT 32 "b";
    .port_info 2 /INPUT 1 "sub_ctrl";
    .port_info 3 /OUTPUT 32 "sum";
    .port_info 4 /OUTPUT 1 "cout";
L_00000272D14D66F0 .functor XOR 32, L_00000272D1444230, L_00000272D14C8390, C4<00000000000000000000000000000000>, C4<00000000000000000000000000000000>;
L_00000272D14D6300 .functor BUFZ 1, L_00000272D14C8ED0, C4<0>, C4<0>, C4<0>;
v00000272D14021E0_0 .net *"_ivl_226", 31 0, L_00000272D14C8390;  1 drivers
v00000272D1402A00_0 .net *"_ivl_233", 0 0, L_00000272D14D6300;  1 drivers
v00000272D14026E0_0 .net "a", 31 0, L_00000272D1443A10;  alias, 1 drivers
v00000272D1403AE0_0 .net "b", 31 0, L_00000272D1444230;  alias, 1 drivers
v00000272D14028C0_0 .net "b_inv", 31 0, L_00000272D14D66F0;  1 drivers
v00000272D14025A0_0 .net "c", 32 0, L_00000272D14C8B10;  1 drivers
v00000272D1402B40_0 .net "cout", 0 0, L_00000272D14C8890;  alias, 1 drivers
v00000272D1402320_0 .net "sub_ctrl", 0 0, L_00000272D14C8ED0;  1 drivers
v00000272D1403400_0 .net "sum", 31 0, L_00000272D14C7DF0;  alias, 1 drivers
L_00000272D1443AB0 .part L_00000272D1443A10, 0, 1;
L_00000272D1444190 .part L_00000272D14D66F0, 0, 1;
L_00000272D14447D0 .part L_00000272D14C8B10, 0, 1;
L_00000272D14445F0 .part L_00000272D1443A10, 1, 1;
L_00000272D1443FB0 .part L_00000272D14D66F0, 1, 1;
L_00000272D1443970 .part L_00000272D14C8B10, 1, 1;
L_00000272D1443BF0 .part L_00000272D1443A10, 2, 1;
L_00000272D14C6270 .part L_00000272D14D66F0, 2, 1;
L_00000272D14C6090 .part L_00000272D14C8B10, 2, 1;
L_00000272D14C6E50 .part L_00000272D1443A10, 3, 1;
L_00000272D14C6310 .part L_00000272D14D66F0, 3, 1;
L_00000272D14C6630 .part L_00000272D14C8B10, 3, 1;
L_00000272D14C5D70 .part L_00000272D1443A10, 4, 1;
L_00000272D14C59B0 .part L_00000272D14D66F0, 4, 1;
L_00000272D14C7030 .part L_00000272D14C8B10, 4, 1;
L_00000272D14C6810 .part L_00000272D1443A10, 5, 1;
L_00000272D14C75D0 .part L_00000272D14D66F0, 5, 1;
L_00000272D14C5910 .part L_00000272D14C8B10, 5, 1;
L_00000272D14C5C30 .part L_00000272D1443A10, 6, 1;
L_00000272D14C6EF0 .part L_00000272D14D66F0, 6, 1;
L_00000272D14C78F0 .part L_00000272D14C8B10, 6, 1;
L_00000272D14C6F90 .part L_00000272D1443A10, 7, 1;
L_00000272D14C5550 .part L_00000272D14D66F0, 7, 1;
L_00000272D14C69F0 .part L_00000272D14C8B10, 7, 1;
L_00000272D14C63B0 .part L_00000272D1443A10, 8, 1;
L_00000272D14C6B30 .part L_00000272D14D66F0, 8, 1;
L_00000272D14C5E10 .part L_00000272D14C8B10, 8, 1;
L_00000272D14C5EB0 .part L_00000272D1443A10, 9, 1;
L_00000272D14C68B0 .part L_00000272D14D66F0, 9, 1;
L_00000272D14C5690 .part L_00000272D14C8B10, 9, 1;
L_00000272D14C5230 .part L_00000272D1443A10, 10, 1;
L_00000272D14C77B0 .part L_00000272D14D66F0, 10, 1;
L_00000272D14C61D0 .part L_00000272D14C8B10, 10, 1;
L_00000272D14C70D0 .part L_00000272D1443A10, 11, 1;
L_00000272D14C5B90 .part L_00000272D14D66F0, 11, 1;
L_00000272D14C6950 .part L_00000272D14C8B10, 11, 1;
L_00000272D14C5AF0 .part L_00000272D1443A10, 12, 1;
L_00000272D14C7170 .part L_00000272D14D66F0, 12, 1;
L_00000272D14C6D10 .part L_00000272D14C8B10, 12, 1;
L_00000272D14C7670 .part L_00000272D1443A10, 13, 1;
L_00000272D14C6770 .part L_00000272D14D66F0, 13, 1;
L_00000272D14C6450 .part L_00000272D14C8B10, 13, 1;
L_00000272D14C5410 .part L_00000272D1443A10, 14, 1;
L_00000272D14C52D0 .part L_00000272D14D66F0, 14, 1;
L_00000272D14C64F0 .part L_00000272D14C8B10, 14, 1;
L_00000272D14C6A90 .part L_00000272D1443A10, 15, 1;
L_00000272D14C5CD0 .part L_00000272D14D66F0, 15, 1;
L_00000272D14C5FF0 .part L_00000272D14C8B10, 15, 1;
L_00000272D14C7850 .part L_00000272D1443A10, 16, 1;
L_00000272D14C7710 .part L_00000272D14D66F0, 16, 1;
L_00000272D14C6DB0 .part L_00000272D14C8B10, 16, 1;
L_00000272D14C6590 .part L_00000272D1443A10, 17, 1;
L_00000272D14C6BD0 .part L_00000272D14D66F0, 17, 1;
L_00000272D14C6C70 .part L_00000272D14C8B10, 17, 1;
L_00000272D14C7210 .part L_00000272D1443A10, 18, 1;
L_00000272D14C7990 .part L_00000272D14D66F0, 18, 1;
L_00000272D14C54B0 .part L_00000272D14C8B10, 18, 1;
L_00000272D14C72B0 .part L_00000272D1443A10, 19, 1;
L_00000272D14C5730 .part L_00000272D14D66F0, 19, 1;
L_00000272D14C7350 .part L_00000272D14C8B10, 19, 1;
L_00000272D14C55F0 .part L_00000272D1443A10, 20, 1;
L_00000272D14C5F50 .part L_00000272D14D66F0, 20, 1;
L_00000272D14C73F0 .part L_00000272D14C8B10, 20, 1;
L_00000272D14C66D0 .part L_00000272D1443A10, 21, 1;
L_00000272D14C5370 .part L_00000272D14D66F0, 21, 1;
L_00000272D14C7490 .part L_00000272D14C8B10, 21, 1;
L_00000272D14C7530 .part L_00000272D1443A10, 22, 1;
L_00000272D14C57D0 .part L_00000272D14D66F0, 22, 1;
L_00000272D14C5870 .part L_00000272D14C8B10, 22, 1;
L_00000272D14C5A50 .part L_00000272D1443A10, 23, 1;
L_00000272D14C6130 .part L_00000272D14D66F0, 23, 1;
L_00000272D14C9830 .part L_00000272D14C8B10, 23, 1;
L_00000272D14C8A70 .part L_00000272D1443A10, 24, 1;
L_00000272D14C9DD0 .part L_00000272D14D66F0, 24, 1;
L_00000272D14C8F70 .part L_00000272D14C8B10, 24, 1;
L_00000272D14C9290 .part L_00000272D1443A10, 25, 1;
L_00000272D14C7C10 .part L_00000272D14D66F0, 25, 1;
L_00000272D14C7A30 .part L_00000272D14C8B10, 25, 1;
L_00000272D14C9FB0 .part L_00000272D1443A10, 26, 1;
L_00000272D14C9150 .part L_00000272D14D66F0, 26, 1;
L_00000272D14C82F0 .part L_00000272D14C8B10, 26, 1;
L_00000272D14C93D0 .part L_00000272D1443A10, 27, 1;
L_00000272D14CA050 .part L_00000272D14D66F0, 27, 1;
L_00000272D14C9E70 .part L_00000272D14C8B10, 27, 1;
L_00000272D14C91F0 .part L_00000272D1443A10, 28, 1;
L_00000272D14C9650 .part L_00000272D14D66F0, 28, 1;
L_00000272D14C89D0 .part L_00000272D14C8B10, 28, 1;
L_00000272D14C7AD0 .part L_00000272D1443A10, 29, 1;
L_00000272D14C98D0 .part L_00000272D14D66F0, 29, 1;
L_00000272D14C7CB0 .part L_00000272D14C8B10, 29, 1;
L_00000272D14C9330 .part L_00000272D1443A10, 30, 1;
L_00000272D14C8BB0 .part L_00000272D14D66F0, 30, 1;
L_00000272D14C8430 .part L_00000272D14C8B10, 30, 1;
L_00000272D14C7D50 .part L_00000272D1443A10, 31, 1;
L_00000272D14C8930 .part L_00000272D14D66F0, 31, 1;
L_00000272D14C9010 .part L_00000272D14C8B10, 31, 1;
LS_00000272D14C7DF0_0_0 .concat8 [ 1 1 1 1], L_00000272D145B600, L_00000272D145B1A0, L_00000272D145A9C0, L_00000272D145B750;
LS_00000272D14C7DF0_0_4 .concat8 [ 1 1 1 1], L_00000272D145ACD0, L_00000272D145C470, L_00000272D145AF00, L_00000272D145D580;
LS_00000272D14C7DF0_0_8 .concat8 [ 1 1 1 1], L_00000272D145CBE0, L_00000272D145E150, L_00000272D145DD60, L_00000272D145E070;
LS_00000272D14C7DF0_0_12 .concat8 [ 1 1 1 1], L_00000272D145C860, L_00000272D145D0B0, L_00000272D145D2E0, L_00000272D145E000;
LS_00000272D14C7DF0_0_16 .concat8 [ 1 1 1 1], L_00000272D145C710, L_00000272D145CA90, L_00000272D145E1C0, L_00000272D145E4D0;
LS_00000272D14C7DF0_0_20 .concat8 [ 1 1 1 1], L_00000272D145E700, L_00000272D14D5730, L_00000272D14D4850, L_00000272D14D5E30;
LS_00000272D14C7DF0_0_24 .concat8 [ 1 1 1 1], L_00000272D14D57A0, L_00000272D14D4A10, L_00000272D14D5EA0, L_00000272D14D5570;
LS_00000272D14C7DF0_0_28 .concat8 [ 1 1 1 1], L_00000272D14D6060, L_00000272D14D5B20, L_00000272D14D5B90, L_00000272D14D47E0;
LS_00000272D14C7DF0_1_0 .concat8 [ 4 4 4 4], LS_00000272D14C7DF0_0_0, LS_00000272D14C7DF0_0_4, LS_00000272D14C7DF0_0_8, LS_00000272D14C7DF0_0_12;
LS_00000272D14C7DF0_1_4 .concat8 [ 4 4 4 4], LS_00000272D14C7DF0_0_16, LS_00000272D14C7DF0_0_20, LS_00000272D14C7DF0_0_24, LS_00000272D14C7DF0_0_28;
L_00000272D14C7DF0 .concat8 [ 16 16 0 0], LS_00000272D14C7DF0_1_0, LS_00000272D14C7DF0_1_4;
L_00000272D14C8390 .repeat 32, 32, L_00000272D14C8ED0;
LS_00000272D14C8B10_0_0 .concat8 [ 1 1 1 1], L_00000272D14D6300, L_00000272D145ADB0, L_00000272D145BEC0, L_00000272D145ABF0;
LS_00000272D14C8B10_0_4 .concat8 [ 1 1 1 1], L_00000272D145BD00, L_00000272D145BF30, L_00000272D145C4E0, L_00000272D145AB80;
LS_00000272D14C8B10_0_8 .concat8 [ 1 1 1 1], L_00000272D145DAC0, L_00000272D145CCC0, L_00000272D145D200, L_00000272D145D040;
LS_00000272D14C8B10_0_12 .concat8 [ 1 1 1 1], L_00000272D145DA50, L_00000272D145D6D0, L_00000272D145D900, L_00000272D145C8D0;
LS_00000272D14C8B10_0_16 .concat8 [ 1 1 1 1], L_00000272D145C630, L_00000272D145C7F0, L_00000272D145E7E0, L_00000272D145E230;
LS_00000272D14C8B10_0_20 .concat8 [ 1 1 1 1], L_00000272D145E8C0, L_00000272D14D4E00, L_00000272D14D4F50, L_00000272D14D48C0;
LS_00000272D14C8B10_0_24 .concat8 [ 1 1 1 1], L_00000272D14D5180, L_00000272D14D51F0, L_00000272D14D4A80, L_00000272D14D53B0;
LS_00000272D14C8B10_0_28 .concat8 [ 1 1 1 1], L_00000272D14D4E70, L_00000272D14D6140, L_00000272D14D5A40, L_00000272D14D4700;
LS_00000272D14C8B10_0_32 .concat8 [ 1 0 0 0], L_00000272D14D65A0;
LS_00000272D14C8B10_1_0 .concat8 [ 4 4 4 4], LS_00000272D14C8B10_0_0, LS_00000272D14C8B10_0_4, LS_00000272D14C8B10_0_8, LS_00000272D14C8B10_0_12;
LS_00000272D14C8B10_1_4 .concat8 [ 4 4 4 4], LS_00000272D14C8B10_0_16, LS_00000272D14C8B10_0_20, LS_00000272D14C8B10_0_24, LS_00000272D14C8B10_0_28;
LS_00000272D14C8B10_1_8 .concat8 [ 1 0 0 0], LS_00000272D14C8B10_0_32;
L_00000272D14C8B10 .concat8 [ 16 16 1 0], LS_00000272D14C8B10_1_0, LS_00000272D14C8B10_1_4, LS_00000272D14C8B10_1_8;
L_00000272D14C8890 .part L_00000272D14C8B10, 32, 1;
S_00000272D10169B0 .scope generate, "fa_loop[0]" "fa_loop[0]" 5 19, 5 19 0, S_00000272D1016820;
 .timescale -9 -12;
P_00000272D1378F10 .param/l "i" 1 5 19, +C4<00>;
S_00000272D0FD0370 .scope module, "fa" "full_adder" 5 20, 6 1 0, S_00000272D10169B0;
 .timescale -9 -12;
    .port_info 0 /INPUT 1 "a";
    .port_info 1 /INPUT 1 "b";
    .port_info 2 /INPUT 1 "cin";
    .port_info 3 /OUTPUT 1 "sum";
    .port_info 4 /OUTPUT 1 "cout";
L_00000272D145B520 .functor XOR 1, L_00000272D1443AB0, L_00000272D1444190, C4<0>, C4<0>;
L_00000272D145B600 .functor XOR 1, L_00000272D145B520, L_00000272D14447D0, C4<0>, C4<0>;
L_00000272D145B280 .functor AND 1, L_00000272D1443AB0, L_00000272D1444190, C4<1>, C4<1>;
L_00000272D145BBB0 .functor XOR 1, L_00000272D1443AB0, L_00000272D1444190, C4<0>, C4<0>;
L_00000272D145C2B0 .functor AND 1, L_00000272D14447D0, L_00000272D145BBB0, C4<1>, C4<1>;
L_00000272D145ADB0 .functor OR 1, L_00000272D145B280, L_00000272D145C2B0, C4<0>, C4<0>;
v00000272D138DE70_0 .net *"_ivl_0", 0 0, L_00000272D145B520;  1 drivers
v00000272D138F630_0 .net *"_ivl_4", 0 0, L_00000272D145B280;  1 drivers
v00000272D138F6D0_0 .net *"_ivl_6", 0 0, L_00000272D145BBB0;  1 drivers
v00000272D138E550_0 .net *"_ivl_8", 0 0, L_00000272D145C2B0;  1 drivers
v00000272D138F130_0 .net "a", 0 0, L_00000272D1443AB0;  1 drivers
v00000272D138EAF0_0 .net "b", 0 0, L_00000272D1444190;  1 drivers
v00000272D138F810_0 .net "cin", 0 0, L_00000272D14447D0;  1 drivers
v00000272D138F270_0 .net "cout", 0 0, L_00000272D145ADB0;  1 drivers
v00000272D138E050_0 .net "sum", 0 0, L_00000272D145B600;  1 drivers
S_00000272D0FD0500 .scope generate, "fa_loop[1]" "fa_loop[1]" 5 19, 5 19 0, S_00000272D1016820;
 .timescale -9 -12;
P_00000272D1378810 .param/l "i" 1 5 19, +C4<01>;
S_00000272D0FD0690 .scope module, "fa" "full_adder" 5 20, 6 1 0, S_00000272D0FD0500;
 .timescale -9 -12;
    .port_info 0 /INPUT 1 "a";
    .port_info 1 /INPUT 1 "b";
    .port_info 2 /INPUT 1 "cin";
    .port_info 3 /OUTPUT 1 "sum";
    .port_info 4 /OUTPUT 1 "cout";
L_00000272D145C400 .functor XOR 1, L_00000272D14445F0, L_00000272D1443FB0, C4<0>, C4<0>;
L_00000272D145B1A0 .functor XOR 1, L_00000272D145C400, L_00000272D1443970, C4<0>, C4<0>;
L_00000272D145BAD0 .functor AND 1, L_00000272D14445F0, L_00000272D1443FB0, C4<1>, C4<1>;
L_00000272D145B4B0 .functor XOR 1, L_00000272D14445F0, L_00000272D1443FB0, C4<0>, C4<0>;
L_00000272D145B590 .functor AND 1, L_00000272D1443970, L_00000272D145B4B0, C4<1>, C4<1>;
L_00000272D145BEC0 .functor OR 1, L_00000272D145BAD0, L_00000272D145B590, C4<0>, C4<0>;
v00000272D138EFF0_0 .net *"_ivl_0", 0 0, L_00000272D145C400;  1 drivers
v00000272D138F770_0 .net *"_ivl_4", 0 0, L_00000272D145BAD0;  1 drivers
v00000272D138EC30_0 .net *"_ivl_6", 0 0, L_00000272D145B4B0;  1 drivers
v00000272D138D790_0 .net *"_ivl_8", 0 0, L_00000272D145B590;  1 drivers
v00000272D138F310_0 .net "a", 0 0, L_00000272D14445F0;  1 drivers
v00000272D138D830_0 .net "b", 0 0, L_00000272D1443FB0;  1 drivers
v00000272D138D8D0_0 .net "cin", 0 0, L_00000272D1443970;  1 drivers
v00000272D138ECD0_0 .net "cout", 0 0, L_00000272D145BEC0;  1 drivers
v00000272D138D150_0 .net "sum", 0 0, L_00000272D145B1A0;  1 drivers
S_00000272D104FD90 .scope generate, "fa_loop[2]" "fa_loop[2]" 5 19, 5 19 0, S_00000272D1016820;
 .timescale -9 -12;
P_00000272D1378210 .param/l "i" 1 5 19, +C4<010>;
S_00000272D104FF20 .scope module, "fa" "full_adder" 5 20, 6 1 0, S_00000272D104FD90;
 .timescale -9 -12;
    .port_info 0 /INPUT 1 "a";
    .port_info 1 /INPUT 1 "b";
    .port_info 2 /INPUT 1 "cin";
    .port_info 3 /OUTPUT 1 "sum";
    .port_info 4 /OUTPUT 1 "cout";
L_00000272D145B670 .functor XOR 1, L_00000272D1443BF0, L_00000272D14C6270, C4<0>, C4<0>;
L_00000272D145A9C0 .functor XOR 1, L_00000272D145B670, L_00000272D14C6090, C4<0>, C4<0>;
L_00000272D145BC90 .functor AND 1, L_00000272D1443BF0, L_00000272D14C6270, C4<1>, C4<1>;
L_00000272D145B130 .functor XOR 1, L_00000272D1443BF0, L_00000272D14C6270, C4<0>, C4<0>;
L_00000272D145B8A0 .functor AND 1, L_00000272D14C6090, L_00000272D145B130, C4<1>, C4<1>;
L_00000272D145ABF0 .functor OR 1, L_00000272D145BC90, L_00000272D145B8A0, C4<0>, C4<0>;
v00000272D138EE10_0 .net *"_ivl_0", 0 0, L_00000272D145B670;  1 drivers
v00000272D138F3B0_0 .net *"_ivl_4", 0 0, L_00000272D145BC90;  1 drivers
v00000272D138F450_0 .net *"_ivl_6", 0 0, L_00000272D145B130;  1 drivers
v00000272D138D3D0_0 .net *"_ivl_8", 0 0, L_00000272D145B8A0;  1 drivers
v00000272D138F4F0_0 .net "a", 0 0, L_00000272D1443BF0;  1 drivers
v00000272D138F590_0 .net "b", 0 0, L_00000272D14C6270;  1 drivers
v00000272D138E410_0 .net "cin", 0 0, L_00000272D14C6090;  1 drivers
v00000272D138D470_0 .net "cout", 0 0, L_00000272D145ABF0;  1 drivers
v00000272D138D510_0 .net "sum", 0 0, L_00000272D145A9C0;  1 drivers
S_00000272D10500B0 .scope generate, "fa_loop[3]" "fa_loop[3]" 5 19, 5 19 0, S_00000272D1016820;
 .timescale -9 -12;
P_00000272D1378E90 .param/l "i" 1 5 19, +C4<011>;
S_00000272D104E8B0 .scope module, "fa" "full_adder" 5 20, 6 1 0, S_00000272D10500B0;
 .timescale -9 -12;
    .port_info 0 /INPUT 1 "a";
    .port_info 1 /INPUT 1 "b";
    .port_info 2 /INPUT 1 "cin";
    .port_info 3 /OUTPUT 1 "sum";
    .port_info 4 /OUTPUT 1 "cout";
L_00000272D145B830 .functor XOR 1, L_00000272D14C6E50, L_00000272D14C6310, C4<0>, C4<0>;
L_00000272D145B750 .functor XOR 1, L_00000272D145B830, L_00000272D14C6630, C4<0>, C4<0>;
L_00000272D145C320 .functor AND 1, L_00000272D14C6E50, L_00000272D14C6310, C4<1>, C4<1>;
L_00000272D145B910 .functor XOR 1, L_00000272D14C6E50, L_00000272D14C6310, C4<0>, C4<0>;
L_00000272D145AC60 .functor AND 1, L_00000272D14C6630, L_00000272D145B910, C4<1>, C4<1>;
L_00000272D145BD00 .functor OR 1, L_00000272D145C320, L_00000272D145AC60, C4<0>, C4<0>;
v00000272D138E0F0_0 .net *"_ivl_0", 0 0, L_00000272D145B830;  1 drivers
v00000272D138D5B0_0 .net *"_ivl_4", 0 0, L_00000272D145C320;  1 drivers
v00000272D138D970_0 .net *"_ivl_6", 0 0, L_00000272D145B910;  1 drivers
v00000272D138E2D0_0 .net *"_ivl_8", 0 0, L_00000272D145AC60;  1 drivers
v00000272D138DA10_0 .net "a", 0 0, L_00000272D14C6E50;  1 drivers
v00000272D138EEB0_0 .net "b", 0 0, L_00000272D14C6310;  1 drivers
v00000272D138DF10_0 .net "cin", 0 0, L_00000272D14C6630;  1 drivers
v00000272D138DAB0_0 .net "cout", 0 0, L_00000272D145BD00;  1 drivers
v00000272D138DC90_0 .net "sum", 0 0, L_00000272D145B750;  1 drivers
S_00000272D104EA40 .scope generate, "fa_loop[4]" "fa_loop[4]" 5 19, 5 19 0, S_00000272D1016820;
 .timescale -9 -12;
P_00000272D1378890 .param/l "i" 1 5 19, +C4<0100>;
S_00000272D104EBD0 .scope module, "fa" "full_adder" 5 20, 6 1 0, S_00000272D104EA40;
 .timescale -9 -12;
    .port_info 0 /INPUT 1 "a";
    .port_info 1 /INPUT 1 "b";
    .port_info 2 /INPUT 1 "cin";
    .port_info 3 /OUTPUT 1 "sum";
    .port_info 4 /OUTPUT 1 "cout";
L_00000272D145BD70 .functor XOR 1, L_00000272D14C5D70, L_00000272D14C59B0, C4<0>, C4<0>;
L_00000272D145ACD0 .functor XOR 1, L_00000272D145BD70, L_00000272D14C7030, C4<0>, C4<0>;
L_00000272D145C390 .functor AND 1, L_00000272D14C5D70, L_00000272D14C59B0, C4<1>, C4<1>;
L_00000272D145BDE0 .functor XOR 1, L_00000272D14C5D70, L_00000272D14C59B0, C4<0>, C4<0>;
L_00000272D145BE50 .functor AND 1, L_00000272D14C7030, L_00000272D145BDE0, C4<1>, C4<1>;
L_00000272D145BF30 .functor OR 1, L_00000272D145C390, L_00000272D145BE50, C4<0>, C4<0>;
v00000272D138E5F0_0 .net *"_ivl_0", 0 0, L_00000272D145BD70;  1 drivers
v00000272D138DD30_0 .net *"_ivl_4", 0 0, L_00000272D145C390;  1 drivers
v00000272D138EB90_0 .net *"_ivl_6", 0 0, L_00000272D145BDE0;  1 drivers
v00000272D138DDD0_0 .net *"_ivl_8", 0 0, L_00000272D145BE50;  1 drivers
v00000272D138E190_0 .net "a", 0 0, L_00000272D14C5D70;  1 drivers
v00000272D138E730_0 .net "b", 0 0, L_00000272D14C59B0;  1 drivers
v00000272D138E7D0_0 .net "cin", 0 0, L_00000272D14C7030;  1 drivers
v00000272D138E870_0 .net "cout", 0 0, L_00000272D145BF30;  1 drivers
v00000272D138EA50_0 .net "sum", 0 0, L_00000272D145ACD0;  1 drivers
S_00000272D1045DF0 .scope generate, "fa_loop[5]" "fa_loop[5]" 5 19, 5 19 0, S_00000272D1016820;
 .timescale -9 -12;
P_00000272D1378A90 .param/l "i" 1 5 19, +C4<0101>;
S_00000272D13F7B60 .scope module, "fa" "full_adder" 5 20, 6 1 0, S_00000272D1045DF0;
 .timescale -9 -12;
    .port_info 0 /INPUT 1 "a";
    .port_info 1 /INPUT 1 "b";
    .port_info 2 /INPUT 1 "cin";
    .port_info 3 /OUTPUT 1 "sum";
    .port_info 4 /OUTPUT 1 "cout";
L_00000272D145BFA0 .functor XOR 1, L_00000272D14C6810, L_00000272D14C75D0, C4<0>, C4<0>;
L_00000272D145C470 .functor XOR 1, L_00000272D145BFA0, L_00000272D14C5910, C4<0>, C4<0>;
L_00000272D145C160 .functor AND 1, L_00000272D14C6810, L_00000272D14C75D0, C4<1>, C4<1>;
L_00000272D145AE20 .functor XOR 1, L_00000272D14C6810, L_00000272D14C75D0, C4<0>, C4<0>;
L_00000272D145AE90 .functor AND 1, L_00000272D14C5910, L_00000272D145AE20, C4<1>, C4<1>;
L_00000272D145C4E0 .functor OR 1, L_00000272D145C160, L_00000272D145AE90, C4<0>, C4<0>;
v00000272D138F9F0_0 .net *"_ivl_0", 0 0, L_00000272D145BFA0;  1 drivers
v00000272D138FDB0_0 .net *"_ivl_4", 0 0, L_00000272D145C160;  1 drivers
v00000272D138F950_0 .net *"_ivl_6", 0 0, L_00000272D145AE20;  1 drivers
v00000272D138FBD0_0 .net *"_ivl_8", 0 0, L_00000272D145AE90;  1 drivers
v00000272D138FA90_0 .net "a", 0 0, L_00000272D14C6810;  1 drivers
v00000272D138FF90_0 .net "b", 0 0, L_00000272D14C75D0;  1 drivers
v00000272D138FB30_0 .net "cin", 0 0, L_00000272D14C5910;  1 drivers
v00000272D138FD10_0 .net "cout", 0 0, L_00000272D145C4E0;  1 drivers
v00000272D138FE50_0 .net "sum", 0 0, L_00000272D145C470;  1 drivers
S_00000272D13F7840 .scope generate, "fa_loop[6]" "fa_loop[6]" 5 19, 5 19 0, S_00000272D1016820;
 .timescale -9 -12;
P_00000272D1378410 .param/l "i" 1 5 19, +C4<0110>;
S_00000272D13F79D0 .scope module, "fa" "full_adder" 5 20, 6 1 0, S_00000272D13F7840;
 .timescale -9 -12;
    .port_info 0 /INPUT 1 "a";
    .port_info 1 /INPUT 1 "b";
    .port_info 2 /INPUT 1 "cin";
    .port_info 3 /OUTPUT 1 "sum";
    .port_info 4 /OUTPUT 1 "cout";
L_00000272D145C550 .functor XOR 1, L_00000272D14C5C30, L_00000272D14C6EF0, C4<0>, C4<0>;
L_00000272D145AF00 .functor XOR 1, L_00000272D145C550, L_00000272D14C78F0, C4<0>, C4<0>;
L_00000272D145AA30 .functor AND 1, L_00000272D14C5C30, L_00000272D14C6EF0, C4<1>, C4<1>;
L_00000272D145AAA0 .functor XOR 1, L_00000272D14C5C30, L_00000272D14C6EF0, C4<0>, C4<0>;
L_00000272D145AB10 .functor AND 1, L_00000272D14C78F0, L_00000272D145AAA0, C4<1>, C4<1>;
L_00000272D145AB80 .functor OR 1, L_00000272D145AA30, L_00000272D145AB10, C4<0>, C4<0>;
v00000272D138FC70_0 .net *"_ivl_0", 0 0, L_00000272D145C550;  1 drivers
v00000272D138FEF0_0 .net *"_ivl_4", 0 0, L_00000272D145AA30;  1 drivers
v00000272D1390030_0 .net *"_ivl_6", 0 0, L_00000272D145AAA0;  1 drivers
v00000272D1389870_0 .net *"_ivl_8", 0 0, L_00000272D145AB10;  1 drivers
v00000272D138A130_0 .net "a", 0 0, L_00000272D14C5C30;  1 drivers
v00000272D138A4F0_0 .net "b", 0 0, L_00000272D14C6EF0;  1 drivers
v00000272D1389AF0_0 .net "cin", 0 0, L_00000272D14C78F0;  1 drivers
v00000272D1388650_0 .net "cout", 0 0, L_00000272D145AB80;  1 drivers
v00000272D138A590_0 .net "sum", 0 0, L_00000272D145AF00;  1 drivers
S_00000272D13F7CF0 .scope generate, "fa_loop[7]" "fa_loop[7]" 5 19, 5 19 0, S_00000272D1016820;
 .timescale -9 -12;
P_00000272D1378B10 .param/l "i" 1 5 19, +C4<0111>;
S_00000272D13F84C0 .scope module, "fa" "full_adder" 5 20, 6 1 0, S_00000272D13F7CF0;
 .timescale -9 -12;
    .port_info 0 /INPUT 1 "a";
    .port_info 1 /INPUT 1 "b";
    .port_info 2 /INPUT 1 "cin";
    .port_info 3 /OUTPUT 1 "sum";
    .port_info 4 /OUTPUT 1 "cout";
L_00000272D145AF70 .functor XOR 1, L_00000272D14C6F90, L_00000272D14C5550, C4<0>, C4<0>;
L_00000272D145D580 .functor XOR 1, L_00000272D145AF70, L_00000272D14C69F0, C4<0>, C4<0>;
L_00000272D145CD30 .functor AND 1, L_00000272D14C6F90, L_00000272D14C5550, C4<1>, C4<1>;
L_00000272D145DB30 .functor XOR 1, L_00000272D14C6F90, L_00000272D14C5550, C4<0>, C4<0>;
L_00000272D145DBA0 .functor AND 1, L_00000272D14C69F0, L_00000272D145DB30, C4<1>, C4<1>;
L_00000272D145DAC0 .functor OR 1, L_00000272D145CD30, L_00000272D145DBA0, C4<0>, C4<0>;
v00000272D1388970_0 .net *"_ivl_0", 0 0, L_00000272D145AF70;  1 drivers
v00000272D1388FB0_0 .net *"_ivl_4", 0 0, L_00000272D145CD30;  1 drivers
v00000272D13890F0_0 .net *"_ivl_6", 0 0, L_00000272D145DB30;  1 drivers
v00000272D13892D0_0 .net *"_ivl_8", 0 0, L_00000272D145DBA0;  1 drivers
v00000272D13899B0_0 .net "a", 0 0, L_00000272D14C6F90;  1 drivers
v00000272D138CA70_0 .net "b", 0 0, L_00000272D14C5550;  1 drivers
v00000272D138D010_0 .net "cin", 0 0, L_00000272D14C69F0;  1 drivers
v00000272D138AF90_0 .net "cout", 0 0, L_00000272D145DAC0;  1 drivers
v00000272D138AA90_0 .net "sum", 0 0, L_00000272D145D580;  1 drivers
S_00000272D13F8650 .scope generate, "fa_loop[8]" "fa_loop[8]" 5 19, 5 19 0, S_00000272D1016820;
 .timescale -9 -12;
P_00000272D1378B90 .param/l "i" 1 5 19, +C4<01000>;
S_00000272D13F7E80 .scope module, "fa" "full_adder" 5 20, 6 1 0, S_00000272D13F8650;
 .timescale -9 -12;
    .port_info 0 /INPUT 1 "a";
    .port_info 1 /INPUT 1 "b";
    .port_info 2 /INPUT 1 "cin";
    .port_info 3 /OUTPUT 1 "sum";
    .port_info 4 /OUTPUT 1 "cout";
L_00000272D145D740 .functor XOR 1, L_00000272D14C63B0, L_00000272D14C6B30, C4<0>, C4<0>;
L_00000272D145CBE0 .functor XOR 1, L_00000272D145D740, L_00000272D14C5E10, C4<0>, C4<0>;
L_00000272D145DDD0 .functor AND 1, L_00000272D14C63B0, L_00000272D14C6B30, C4<1>, C4<1>;
L_00000272D145D820 .functor XOR 1, L_00000272D14C63B0, L_00000272D14C6B30, C4<0>, C4<0>;
L_00000272D145DC10 .functor AND 1, L_00000272D14C5E10, L_00000272D145D820, C4<1>, C4<1>;
L_00000272D145CCC0 .functor OR 1, L_00000272D145DDD0, L_00000272D145DC10, C4<0>, C4<0>;
v00000272D138A9F0_0 .net *"_ivl_0", 0 0, L_00000272D145D740;  1 drivers
v00000272D138B530_0 .net *"_ivl_4", 0 0, L_00000272D145DDD0;  1 drivers
v00000272D138B5D0_0 .net *"_ivl_6", 0 0, L_00000272D145D820;  1 drivers
v00000272D138B710_0 .net *"_ivl_8", 0 0, L_00000272D145DC10;  1 drivers
v00000272D138BD50_0 .net "a", 0 0, L_00000272D14C63B0;  1 drivers
v00000272D138BE90_0 .net "b", 0 0, L_00000272D14C6B30;  1 drivers
v00000272D138C1B0_0 .net "cin", 0 0, L_00000272D14C5E10;  1 drivers
v00000272D1366C20_0 .net "cout", 0 0, L_00000272D145CCC0;  1 drivers
v00000272D1367760_0 .net "sum", 0 0, L_00000272D145CBE0;  1 drivers
S_00000272D13F8010 .scope generate, "fa_loop[9]" "fa_loop[9]" 5 19, 5 19 0, S_00000272D1016820;
 .timescale -9 -12;
P_00000272D1378ED0 .param/l "i" 1 5 19, +C4<01001>;
S_00000272D13F81A0 .scope module, "fa" "full_adder" 5 20, 6 1 0, S_00000272D13F8010;
 .timescale -9 -12;
    .port_info 0 /INPUT 1 "a";
    .port_info 1 /INPUT 1 "b";
    .port_info 2 /INPUT 1 "cin";
    .port_info 3 /OUTPUT 1 "sum";
    .port_info 4 /OUTPUT 1 "cout";
L_00000272D145D9E0 .functor XOR 1, L_00000272D14C5EB0, L_00000272D14C68B0, C4<0>, C4<0>;
L_00000272D145E150 .functor XOR 1, L_00000272D145D9E0, L_00000272D14C5690, C4<0>, C4<0>;
L_00000272D145D510 .functor AND 1, L_00000272D14C5EB0, L_00000272D14C68B0, C4<1>, C4<1>;
L_00000272D145CFD0 .functor XOR 1, L_00000272D14C5EB0, L_00000272D14C68B0, C4<0>, C4<0>;
L_00000272D145D120 .functor AND 1, L_00000272D14C5690, L_00000272D145CFD0, C4<1>, C4<1>;
L_00000272D145D200 .functor OR 1, L_00000272D145D510, L_00000272D145D120, C4<0>, C4<0>;
v00000272D1366CC0_0 .net *"_ivl_0", 0 0, L_00000272D145D9E0;  1 drivers
v00000272D1367620_0 .net *"_ivl_4", 0 0, L_00000272D145D510;  1 drivers
v00000272D1367940_0 .net *"_ivl_6", 0 0, L_00000272D145CFD0;  1 drivers
v00000272D1366E00_0 .net *"_ivl_8", 0 0, L_00000272D145D120;  1 drivers
v00000272D1367F80_0 .net "a", 0 0, L_00000272D14C5EB0;  1 drivers
v00000272D1366F40_0 .net "b", 0 0, L_00000272D14C68B0;  1 drivers
v00000272D13667C0_0 .net "cin", 0 0, L_00000272D14C5690;  1 drivers
v00000272D1365960_0 .net "cout", 0 0, L_00000272D145D200;  1 drivers
v00000272D1365000_0 .net "sum", 0 0, L_00000272D145E150;  1 drivers
S_00000272D13F8330 .scope generate, "fa_loop[10]" "fa_loop[10]" 5 19, 5 19 0, S_00000272D1016820;
 .timescale -9 -12;
P_00000272D1378BD0 .param/l "i" 1 5 19, +C4<01010>;
S_00000272D13FB030 .scope module, "fa" "full_adder" 5 20, 6 1 0, S_00000272D13F8330;
 .timescale -9 -12;
    .port_info 0 /INPUT 1 "a";
    .port_info 1 /INPUT 1 "b";
    .port_info 2 /INPUT 1 "cin";
    .port_info 3 /OUTPUT 1 "sum";
    .port_info 4 /OUTPUT 1 "cout";
L_00000272D145D190 .functor XOR 1, L_00000272D14C5230, L_00000272D14C77B0, C4<0>, C4<0>;
L_00000272D145DD60 .functor XOR 1, L_00000272D145D190, L_00000272D14C61D0, C4<0>, C4<0>;
L_00000272D145DF90 .functor AND 1, L_00000272D14C5230, L_00000272D14C77B0, C4<1>, C4<1>;
L_00000272D145C9B0 .functor XOR 1, L_00000272D14C5230, L_00000272D14C77B0, C4<0>, C4<0>;
L_00000272D145D4A0 .functor AND 1, L_00000272D14C61D0, L_00000272D145C9B0, C4<1>, C4<1>;
L_00000272D145D040 .functor OR 1, L_00000272D145DF90, L_00000272D145D4A0, C4<0>, C4<0>;
v00000272D1364920_0 .net *"_ivl_0", 0 0, L_00000272D145D190;  1 drivers
v00000272D1364A60_0 .net *"_ivl_4", 0 0, L_00000272D145DF90;  1 drivers
v00000272D1365820_0 .net *"_ivl_6", 0 0, L_00000272D145C9B0;  1 drivers
v00000272D1364E20_0 .net *"_ivl_8", 0 0, L_00000272D145D4A0;  1 drivers
v00000272D1366400_0 .net "a", 0 0, L_00000272D14C5230;  1 drivers
v00000272D1365280_0 .net "b", 0 0, L_00000272D14C77B0;  1 drivers
v00000272D1365F00_0 .net "cin", 0 0, L_00000272D14C61D0;  1 drivers
v00000272D1366220_0 .net "cout", 0 0, L_00000272D145D040;  1 drivers
v00000272D133F210_0 .net "sum", 0 0, L_00000272D145DD60;  1 drivers
S_00000272D13FB670 .scope generate, "fa_loop[11]" "fa_loop[11]" 5 19, 5 19 0, S_00000272D1016820;
 .timescale -9 -12;
P_00000272D1379110 .param/l "i" 1 5 19, +C4<01011>;
S_00000272D13FB990 .scope module, "fa" "full_adder" 5 20, 6 1 0, S_00000272D13FB670;
 .timescale -9 -12;
    .port_info 0 /INPUT 1 "a";
    .port_info 1 /INPUT 1 "b";
    .port_info 2 /INPUT 1 "cin";
    .port_info 3 /OUTPUT 1 "sum";
    .port_info 4 /OUTPUT 1 "cout";
L_00000272D145D5F0 .functor XOR 1, L_00000272D14C70D0, L_00000272D14C5B90, C4<0>, C4<0>;
L_00000272D145E070 .functor XOR 1, L_00000272D145D5F0, L_00000272D14C6950, C4<0>, C4<0>;
L_00000272D145D970 .functor AND 1, L_00000272D14C70D0, L_00000272D14C5B90, C4<1>, C4<1>;
L_00000272D145CB00 .functor XOR 1, L_00000272D14C70D0, L_00000272D14C5B90, C4<0>, C4<0>;
L_00000272D145D270 .functor AND 1, L_00000272D14C6950, L_00000272D145CB00, C4<1>, C4<1>;
L_00000272D145DA50 .functor OR 1, L_00000272D145D970, L_00000272D145D270, C4<0>, C4<0>;
v00000272D133E3B0_0 .net *"_ivl_0", 0 0, L_00000272D145D5F0;  1 drivers
v00000272D133C830_0 .net *"_ivl_4", 0 0, L_00000272D145D970;  1 drivers
v00000272D133CDD0_0 .net *"_ivl_6", 0 0, L_00000272D145CB00;  1 drivers
v00000272D133CE70_0 .net *"_ivl_8", 0 0, L_00000272D145D270;  1 drivers
v00000272D133B4D0_0 .net "a", 0 0, L_00000272D14C70D0;  1 drivers
v00000272D133BF70_0 .net "b", 0 0, L_00000272D14C5B90;  1 drivers
v00000272D133C330_0 .net "cin", 0 0, L_00000272D14C6950;  1 drivers
v00000272D133B750_0 .net "cout", 0 0, L_00000272D145DA50;  1 drivers
v00000272D133CA10_0 .net "sum", 0 0, L_00000272D145E070;  1 drivers
S_00000272D13FAEA0 .scope generate, "fa_loop[12]" "fa_loop[12]" 5 19, 5 19 0, S_00000272D1016820;
 .timescale -9 -12;
P_00000272D1378D10 .param/l "i" 1 5 19, +C4<01100>;
S_00000272D13FA9F0 .scope module, "fa" "full_adder" 5 20, 6 1 0, S_00000272D13FAEA0;
 .timescale -9 -12;
    .port_info 0 /INPUT 1 "a";
    .port_info 1 /INPUT 1 "b";
    .port_info 2 /INPUT 1 "cin";
    .port_info 3 /OUTPUT 1 "sum";
    .port_info 4 /OUTPUT 1 "cout";
L_00000272D145D7B0 .functor XOR 1, L_00000272D14C5AF0, L_00000272D14C7170, C4<0>, C4<0>;
L_00000272D145C860 .functor XOR 1, L_00000272D145D7B0, L_00000272D14C6D10, C4<0>, C4<0>;
L_00000272D145DC80 .functor AND 1, L_00000272D14C5AF0, L_00000272D14C7170, C4<1>, C4<1>;
L_00000272D145D660 .functor XOR 1, L_00000272D14C5AF0, L_00000272D14C7170, C4<0>, C4<0>;
L_00000272D145CC50 .functor AND 1, L_00000272D14C6D10, L_00000272D145D660, C4<1>, C4<1>;
L_00000272D145D6D0 .functor OR 1, L_00000272D145DC80, L_00000272D145CC50, C4<0>, C4<0>;
v00000272D131F5B0_0 .net *"_ivl_0", 0 0, L_00000272D145D7B0;  1 drivers
v00000272D131D670_0 .net *"_ivl_4", 0 0, L_00000272D145DC80;  1 drivers
v00000272D1320690_0 .net *"_ivl_6", 0 0, L_00000272D145D660;  1 drivers
v00000272D13211D0_0 .net *"_ivl_8", 0 0, L_00000272D145CC50;  1 drivers
v00000272D1312670_0 .net "a", 0 0, L_00000272D14C5AF0;  1 drivers
v00000272D1312AD0_0 .net "b", 0 0, L_00000272D14C7170;  1 drivers
v00000272D1308780_0 .net "cin", 0 0, L_00000272D14C6D10;  1 drivers
v00000272D13076A0_0 .net "cout", 0 0, L_00000272D145D6D0;  1 drivers
v00000272D12AE6E0_0 .net "sum", 0 0, L_00000272D145C860;  1 drivers
S_00000272D13FAD10 .scope generate, "fa_loop[13]" "fa_loop[13]" 5 19, 5 19 0, S_00000272D1016820;
 .timescale -9 -12;
P_00000272D1378F50 .param/l "i" 1 5 19, +C4<01101>;
S_00000272D13FB350 .scope module, "fa" "full_adder" 5 20, 6 1 0, S_00000272D13FAD10;
 .timescale -9 -12;
    .port_info 0 /INPUT 1 "a";
    .port_info 1 /INPUT 1 "b";
    .port_info 2 /INPUT 1 "cin";
    .port_info 3 /OUTPUT 1 "sum";
    .port_info 4 /OUTPUT 1 "cout";
L_00000272D145CA20 .functor XOR 1, L_00000272D14C7670, L_00000272D14C6770, C4<0>, C4<0>;
L_00000272D145D0B0 .functor XOR 1, L_00000272D145CA20, L_00000272D14C6450, C4<0>, C4<0>;
L_00000272D145DE40 .functor AND 1, L_00000272D14C7670, L_00000272D14C6770, C4<1>, C4<1>;
L_00000272D145D890 .functor XOR 1, L_00000272D14C7670, L_00000272D14C6770, C4<0>, C4<0>;
L_00000272D145CF60 .functor AND 1, L_00000272D14C6450, L_00000272D145D890, C4<1>, C4<1>;
L_00000272D145D900 .functor OR 1, L_00000272D145DE40, L_00000272D145CF60, C4<0>, C4<0>;
v00000272D12DD990_0 .net *"_ivl_0", 0 0, L_00000272D145CA20;  1 drivers
v00000272D1404440_0 .net *"_ivl_4", 0 0, L_00000272D145DE40;  1 drivers
v00000272D14044E0_0 .net *"_ivl_6", 0 0, L_00000272D145D890;  1 drivers
v00000272D1404620_0 .net *"_ivl_8", 0 0, L_00000272D145CF60;  1 drivers
v00000272D14046C0_0 .net "a", 0 0, L_00000272D14C7670;  1 drivers
v00000272D1404580_0 .net "b", 0 0, L_00000272D14C6770;  1 drivers
v00000272D14041C0_0 .net "cin", 0 0, L_00000272D14C6450;  1 drivers
v00000272D1404760_0 .net "cout", 0 0, L_00000272D145D900;  1 drivers
v00000272D1404260_0 .net "sum", 0 0, L_00000272D145D0B0;  1 drivers
S_00000272D13FC2F0 .scope generate, "fa_loop[14]" "fa_loop[14]" 5 19, 5 19 0, S_00000272D1016820;
 .timescale -9 -12;
P_00000272D137A010 .param/l "i" 1 5 19, +C4<01110>;
S_00000272D13FB4E0 .scope module, "fa" "full_adder" 5 20, 6 1 0, S_00000272D13FC2F0;
 .timescale -9 -12;
    .port_info 0 /INPUT 1 "a";
    .port_info 1 /INPUT 1 "b";
    .port_info 2 /INPUT 1 "cin";
    .port_info 3 /OUTPUT 1 "sum";
    .port_info 4 /OUTPUT 1 "cout";
L_00000272D145DCF0 .functor XOR 1, L_00000272D14C5410, L_00000272D14C52D0, C4<0>, C4<0>;
L_00000272D145D2E0 .functor XOR 1, L_00000272D145DCF0, L_00000272D14C64F0, C4<0>, C4<0>;
L_00000272D145DEB0 .functor AND 1, L_00000272D14C5410, L_00000272D14C52D0, C4<1>, C4<1>;
L_00000272D145DF20 .functor XOR 1, L_00000272D14C5410, L_00000272D14C52D0, C4<0>, C4<0>;
L_00000272D145D350 .functor AND 1, L_00000272D14C64F0, L_00000272D145DF20, C4<1>, C4<1>;
L_00000272D145C8D0 .functor OR 1, L_00000272D145DEB0, L_00000272D145D350, C4<0>, C4<0>;
v00000272D1404300_0 .net *"_ivl_0", 0 0, L_00000272D145DCF0;  1 drivers
v00000272D1404080_0 .net *"_ivl_4", 0 0, L_00000272D145DEB0;  1 drivers
v00000272D14043A0_0 .net *"_ivl_6", 0 0, L_00000272D145DF20;  1 drivers
v00000272D1404120_0 .net *"_ivl_8", 0 0, L_00000272D145D350;  1 drivers
v00000272D13FD640_0 .net "a", 0 0, L_00000272D14C5410;  1 drivers
v00000272D13FE7C0_0 .net "b", 0 0, L_00000272D14C52D0;  1 drivers
v00000272D13FDA00_0 .net "cin", 0 0, L_00000272D14C64F0;  1 drivers
v00000272D13FDDC0_0 .net "cout", 0 0, L_00000272D145C8D0;  1 drivers
v00000272D13FD1E0_0 .net "sum", 0 0, L_00000272D145D2E0;  1 drivers
S_00000272D13FB1C0 .scope generate, "fa_loop[15]" "fa_loop[15]" 5 19, 5 19 0, S_00000272D1016820;
 .timescale -9 -12;
P_00000272D137A050 .param/l "i" 1 5 19, +C4<01111>;
S_00000272D13FB800 .scope module, "fa" "full_adder" 5 20, 6 1 0, S_00000272D13FB1C0;
 .timescale -9 -12;
    .port_info 0 /INPUT 1 "a";
    .port_info 1 /INPUT 1 "b";
    .port_info 2 /INPUT 1 "cin";
    .port_info 3 /OUTPUT 1 "sum";
    .port_info 4 /OUTPUT 1 "cout";
L_00000272D145D3C0 .functor XOR 1, L_00000272D14C6A90, L_00000272D14C5CD0, C4<0>, C4<0>;
L_00000272D145E000 .functor XOR 1, L_00000272D145D3C0, L_00000272D14C5FF0, C4<0>, C4<0>;
L_00000272D145E0E0 .functor AND 1, L_00000272D14C6A90, L_00000272D14C5CD0, C4<1>, C4<1>;
L_00000272D145D430 .functor XOR 1, L_00000272D14C6A90, L_00000272D14C5CD0, C4<0>, C4<0>;
L_00000272D145C5C0 .functor AND 1, L_00000272D14C5FF0, L_00000272D145D430, C4<1>, C4<1>;
L_00000272D145C630 .functor OR 1, L_00000272D145E0E0, L_00000272D145C5C0, C4<0>, C4<0>;
v00000272D13FED60_0 .net *"_ivl_0", 0 0, L_00000272D145D3C0;  1 drivers
v00000272D13FEE00_0 .net *"_ivl_4", 0 0, L_00000272D145E0E0;  1 drivers
v00000272D13FDC80_0 .net *"_ivl_6", 0 0, L_00000272D145D430;  1 drivers
v00000272D13FD500_0 .net *"_ivl_8", 0 0, L_00000272D145C5C0;  1 drivers
v00000272D13FEA40_0 .net "a", 0 0, L_00000272D14C6A90;  1 drivers
v00000272D13FD6E0_0 .net "b", 0 0, L_00000272D14C5CD0;  1 drivers
v00000272D13FCA60_0 .net "cin", 0 0, L_00000272D14C5FF0;  1 drivers
v00000272D13FCB00_0 .net "cout", 0 0, L_00000272D145C630;  1 drivers
v00000272D13FD0A0_0 .net "sum", 0 0, L_00000272D145E000;  1 drivers
S_00000272D13FBB20 .scope generate, "fa_loop[16]" "fa_loop[16]" 5 19, 5 19 0, S_00000272D1016820;
 .timescale -9 -12;
P_00000272D1379450 .param/l "i" 1 5 19, +C4<010000>;
S_00000272D13FC480 .scope module, "fa" "full_adder" 5 20, 6 1 0, S_00000272D13FBB20;
 .timescale -9 -12;
    .port_info 0 /INPUT 1 "a";
    .port_info 1 /INPUT 1 "b";
    .port_info 2 /INPUT 1 "cin";
    .port_info 3 /OUTPUT 1 "sum";
    .port_info 4 /OUTPUT 1 "cout";
L_00000272D145C6A0 .functor XOR 1, L_00000272D14C7850, L_00000272D14C7710, C4<0>, C4<0>;
L_00000272D145C710 .functor XOR 1, L_00000272D145C6A0, L_00000272D14C6DB0, C4<0>, C4<0>;
L_00000272D145CEF0 .functor AND 1, L_00000272D14C7850, L_00000272D14C7710, C4<1>, C4<1>;
L_00000272D145C780 .functor XOR 1, L_00000272D14C7850, L_00000272D14C7710, C4<0>, C4<0>;
L_00000272D145CDA0 .functor AND 1, L_00000272D14C6DB0, L_00000272D145C780, C4<1>, C4<1>;
L_00000272D145C7F0 .functor OR 1, L_00000272D145CEF0, L_00000272D145CDA0, C4<0>, C4<0>;
v00000272D13FE2C0_0 .net *"_ivl_0", 0 0, L_00000272D145C6A0;  1 drivers
v00000272D13FDBE0_0 .net *"_ivl_4", 0 0, L_00000272D145CEF0;  1 drivers
v00000272D13FEAE0_0 .net *"_ivl_6", 0 0, L_00000272D145C780;  1 drivers
v00000272D13FEB80_0 .net *"_ivl_8", 0 0, L_00000272D145CDA0;  1 drivers
v00000272D13FCD80_0 .net "a", 0 0, L_00000272D14C7850;  1 drivers
v00000272D13FE860_0 .net "b", 0 0, L_00000272D14C7710;  1 drivers
v00000272D13FD5A0_0 .net "cin", 0 0, L_00000272D14C6DB0;  1 drivers
v00000272D13FD8C0_0 .net "cout", 0 0, L_00000272D145C7F0;  1 drivers
v00000272D13FD280_0 .net "sum", 0 0, L_00000272D145C710;  1 drivers
S_00000272D13FA860 .scope generate, "fa_loop[17]" "fa_loop[17]" 5 19, 5 19 0, S_00000272D1016820;
 .timescale -9 -12;
P_00000272D1379B50 .param/l "i" 1 5 19, +C4<010001>;
S_00000272D13FAB80 .scope module, "fa" "full_adder" 5 20, 6 1 0, S_00000272D13FA860;
 .timescale -9 -12;
    .port_info 0 /INPUT 1 "a";
    .port_info 1 /INPUT 1 "b";
    .port_info 2 /INPUT 1 "cin";
    .port_info 3 /OUTPUT 1 "sum";
    .port_info 4 /OUTPUT 1 "cout";
L_00000272D145C940 .functor XOR 1, L_00000272D14C6590, L_00000272D14C6BD0, C4<0>, C4<0>;
L_00000272D145CA90 .functor XOR 1, L_00000272D145C940, L_00000272D14C6C70, C4<0>, C4<0>;
L_00000272D145CB70 .functor AND 1, L_00000272D14C6590, L_00000272D14C6BD0, C4<1>, C4<1>;
L_00000272D145CE10 .functor XOR 1, L_00000272D14C6590, L_00000272D14C6BD0, C4<0>, C4<0>;
L_00000272D145CE80 .functor AND 1, L_00000272D14C6C70, L_00000272D145CE10, C4<1>, C4<1>;
L_00000272D145E7E0 .functor OR 1, L_00000272D145CB70, L_00000272D145CE80, C4<0>, C4<0>;
v00000272D13FEC20_0 .net *"_ivl_0", 0 0, L_00000272D145C940;  1 drivers
v00000272D13FEF40_0 .net *"_ivl_4", 0 0, L_00000272D145CB70;  1 drivers
v00000272D13FD780_0 .net *"_ivl_6", 0 0, L_00000272D145CE10;  1 drivers
v00000272D13FD960_0 .net *"_ivl_8", 0 0, L_00000272D145CE80;  1 drivers
v00000272D13FE680_0 .net "a", 0 0, L_00000272D14C6590;  1 drivers
v00000272D13FDD20_0 .net "b", 0 0, L_00000272D14C6BD0;  1 drivers
v00000272D13FE540_0 .net "cin", 0 0, L_00000272D14C6C70;  1 drivers
v00000272D13FCBA0_0 .net "cout", 0 0, L_00000272D145E7E0;  1 drivers
v00000272D13FCCE0_0 .net "sum", 0 0, L_00000272D145CA90;  1 drivers
S_00000272D13FC610 .scope generate, "fa_loop[18]" "fa_loop[18]" 5 19, 5 19 0, S_00000272D1016820;
 .timescale -9 -12;
P_00000272D1379590 .param/l "i" 1 5 19, +C4<010010>;
S_00000272D13FBCB0 .scope module, "fa" "full_adder" 5 20, 6 1 0, S_00000272D13FC610;
 .timescale -9 -12;
    .port_info 0 /INPUT 1 "a";
    .port_info 1 /INPUT 1 "b";
    .port_info 2 /INPUT 1 "cin";
    .port_info 3 /OUTPUT 1 "sum";
    .port_info 4 /OUTPUT 1 "cout";
L_00000272D145E5B0 .functor XOR 1, L_00000272D14C7210, L_00000272D14C7990, C4<0>, C4<0>;
L_00000272D145E1C0 .functor XOR 1, L_00000272D145E5B0, L_00000272D14C54B0, C4<0>, C4<0>;
L_00000272D145E540 .functor AND 1, L_00000272D14C7210, L_00000272D14C7990, C4<1>, C4<1>;
L_00000272D145E850 .functor XOR 1, L_00000272D14C7210, L_00000272D14C7990, C4<0>, C4<0>;
L_00000272D145E3F0 .functor AND 1, L_00000272D14C54B0, L_00000272D145E850, C4<1>, C4<1>;
L_00000272D145E230 .functor OR 1, L_00000272D145E540, L_00000272D145E3F0, C4<0>, C4<0>;
v00000272D13FE360_0 .net *"_ivl_0", 0 0, L_00000272D145E5B0;  1 drivers
v00000272D13FE900_0 .net *"_ivl_4", 0 0, L_00000272D145E540;  1 drivers
v00000272D13FDAA0_0 .net *"_ivl_6", 0 0, L_00000272D145E850;  1 drivers
v00000272D13FC920_0 .net *"_ivl_8", 0 0, L_00000272D145E3F0;  1 drivers
v00000272D13FCC40_0 .net "a", 0 0, L_00000272D14C7210;  1 drivers
v00000272D13FD320_0 .net "b", 0 0, L_00000272D14C7990;  1 drivers
v00000272D13FD140_0 .net "cin", 0 0, L_00000272D14C54B0;  1 drivers
v00000272D13FE040_0 .net "cout", 0 0, L_00000272D145E230;  1 drivers
v00000272D13FECC0_0 .net "sum", 0 0, L_00000272D145E1C0;  1 drivers
S_00000272D13FBE40 .scope generate, "fa_loop[19]" "fa_loop[19]" 5 19, 5 19 0, S_00000272D1016820;
 .timescale -9 -12;
P_00000272D1379F10 .param/l "i" 1 5 19, +C4<010011>;
S_00000272D13FBFD0 .scope module, "fa" "full_adder" 5 20, 6 1 0, S_00000272D13FBE40;
 .timescale -9 -12;
    .port_info 0 /INPUT 1 "a";
    .port_info 1 /INPUT 1 "b";
    .port_info 2 /INPUT 1 "cin";
    .port_info 3 /OUTPUT 1 "sum";
    .port_info 4 /OUTPUT 1 "cout";
L_00000272D145E2A0 .functor XOR 1, L_00000272D14C72B0, L_00000272D14C5730, C4<0>, C4<0>;
L_00000272D145E4D0 .functor XOR 1, L_00000272D145E2A0, L_00000272D14C7350, C4<0>, C4<0>;
L_00000272D145E770 .functor AND 1, L_00000272D14C72B0, L_00000272D14C5730, C4<1>, C4<1>;
L_00000272D145E620 .functor XOR 1, L_00000272D14C72B0, L_00000272D14C5730, C4<0>, C4<0>;
L_00000272D145E690 .functor AND 1, L_00000272D14C7350, L_00000272D145E620, C4<1>, C4<1>;
L_00000272D145E8C0 .functor OR 1, L_00000272D145E770, L_00000272D145E690, C4<0>, C4<0>;
v00000272D13FE720_0 .net *"_ivl_0", 0 0, L_00000272D145E2A0;  1 drivers
v00000272D13FEFE0_0 .net *"_ivl_4", 0 0, L_00000272D145E770;  1 drivers
v00000272D13FE9A0_0 .net *"_ivl_6", 0 0, L_00000272D145E620;  1 drivers
v00000272D13FEEA0_0 .net *"_ivl_8", 0 0, L_00000272D145E690;  1 drivers
v00000272D13FE220_0 .net "a", 0 0, L_00000272D14C72B0;  1 drivers
v00000272D13FCE20_0 .net "b", 0 0, L_00000272D14C5730;  1 drivers
v00000272D13FC880_0 .net "cin", 0 0, L_00000272D14C7350;  1 drivers
v00000272D13FC9C0_0 .net "cout", 0 0, L_00000272D145E8C0;  1 drivers
v00000272D13FD3C0_0 .net "sum", 0 0, L_00000272D145E4D0;  1 drivers
S_00000272D13FC160 .scope generate, "fa_loop[20]" "fa_loop[20]" 5 19, 5 19 0, S_00000272D1016820;
 .timescale -9 -12;
P_00000272D1379710 .param/l "i" 1 5 19, +C4<010100>;
S_00000272D140D830 .scope module, "fa" "full_adder" 5 20, 6 1 0, S_00000272D13FC160;
 .timescale -9 -12;
    .port_info 0 /INPUT 1 "a";
    .port_info 1 /INPUT 1 "b";
    .port_info 2 /INPUT 1 "cin";
    .port_info 3 /OUTPUT 1 "sum";
    .port_info 4 /OUTPUT 1 "cout";
L_00000272D145E460 .functor XOR 1, L_00000272D14C55F0, L_00000272D14C5F50, C4<0>, C4<0>;
L_00000272D145E700 .functor XOR 1, L_00000272D145E460, L_00000272D14C73F0, C4<0>, C4<0>;
L_00000272D145E310 .functor AND 1, L_00000272D14C55F0, L_00000272D14C5F50, C4<1>, C4<1>;
L_00000272D145E380 .functor XOR 1, L_00000272D14C55F0, L_00000272D14C5F50, C4<0>, C4<0>;
L_00000272D14D5C00 .functor AND 1, L_00000272D14C73F0, L_00000272D145E380, C4<1>, C4<1>;
L_00000272D14D4E00 .functor OR 1, L_00000272D145E310, L_00000272D14D5C00, C4<0>, C4<0>;
v00000272D13FCEC0_0 .net *"_ivl_0", 0 0, L_00000272D145E460;  1 drivers
v00000272D13FCF60_0 .net *"_ivl_4", 0 0, L_00000272D145E310;  1 drivers
v00000272D13FD820_0 .net *"_ivl_6", 0 0, L_00000272D145E380;  1 drivers
v00000272D13FD000_0 .net *"_ivl_8", 0 0, L_00000272D14D5C00;  1 drivers
v00000272D13FD460_0 .net "a", 0 0, L_00000272D14C55F0;  1 drivers
v00000272D13FDFA0_0 .net "b", 0 0, L_00000272D14C5F50;  1 drivers
v00000272D13FDB40_0 .net "cin", 0 0, L_00000272D14C73F0;  1 drivers
v00000272D13FE0E0_0 .net "cout", 0 0, L_00000272D14D4E00;  1 drivers
v00000272D13FDE60_0 .net "sum", 0 0, L_00000272D145E700;  1 drivers
S_00000272D140E190 .scope generate, "fa_loop[21]" "fa_loop[21]" 5 19, 5 19 0, S_00000272D1016820;
 .timescale -9 -12;
P_00000272D1379AD0 .param/l "i" 1 5 19, +C4<010101>;
S_00000272D140D380 .scope module, "fa" "full_adder" 5 20, 6 1 0, S_00000272D140E190;
 .timescale -9 -12;
    .port_info 0 /INPUT 1 "a";
    .port_info 1 /INPUT 1 "b";
    .port_info 2 /INPUT 1 "cin";
    .port_info 3 /OUTPUT 1 "sum";
    .port_info 4 /OUTPUT 1 "cout";
L_00000272D14D4EE0 .functor XOR 1, L_00000272D14C66D0, L_00000272D14C5370, C4<0>, C4<0>;
L_00000272D14D5730 .functor XOR 1, L_00000272D14D4EE0, L_00000272D14C7490, C4<0>, C4<0>;
L_00000272D14D5960 .functor AND 1, L_00000272D14C66D0, L_00000272D14C5370, C4<1>, C4<1>;
L_00000272D14D4930 .functor XOR 1, L_00000272D14C66D0, L_00000272D14C5370, C4<0>, C4<0>;
L_00000272D14D5F10 .functor AND 1, L_00000272D14C7490, L_00000272D14D4930, C4<1>, C4<1>;
L_00000272D14D4F50 .functor OR 1, L_00000272D14D5960, L_00000272D14D5F10, C4<0>, C4<0>;
v00000272D13FE180_0 .net *"_ivl_0", 0 0, L_00000272D14D4EE0;  1 drivers
v00000272D13FDF00_0 .net *"_ivl_4", 0 0, L_00000272D14D5960;  1 drivers
v00000272D13FE400_0 .net *"_ivl_6", 0 0, L_00000272D14D4930;  1 drivers
v00000272D13FE4A0_0 .net *"_ivl_8", 0 0, L_00000272D14D5F10;  1 drivers
v00000272D13FE5E0_0 .net "a", 0 0, L_00000272D14C66D0;  1 drivers
v00000272D14005C0_0 .net "b", 0 0, L_00000272D14C5370;  1 drivers
v00000272D1400700_0 .net "cin", 0 0, L_00000272D14C7490;  1 drivers
v00000272D13FFBC0_0 .net "cout", 0 0, L_00000272D14D4F50;  1 drivers
v00000272D13FF3A0_0 .net "sum", 0 0, L_00000272D14D5730;  1 drivers
S_00000272D140E320 .scope generate, "fa_loop[22]" "fa_loop[22]" 5 19, 5 19 0, S_00000272D1016820;
 .timescale -9 -12;
P_00000272D1379A90 .param/l "i" 1 5 19, +C4<010110>;
S_00000272D140D6A0 .scope module, "fa" "full_adder" 5 20, 6 1 0, S_00000272D140E320;
 .timescale -9 -12;
    .port_info 0 /INPUT 1 "a";
    .port_info 1 /INPUT 1 "b";
    .port_info 2 /INPUT 1 "cin";
    .port_info 3 /OUTPUT 1 "sum";
    .port_info 4 /OUTPUT 1 "cout";
L_00000272D14D4FC0 .functor XOR 1, L_00000272D14C7530, L_00000272D14C57D0, C4<0>, C4<0>;
L_00000272D14D4850 .functor XOR 1, L_00000272D14D4FC0, L_00000272D14C5870, C4<0>, C4<0>;
L_00000272D14D5420 .functor AND 1, L_00000272D14C7530, L_00000272D14C57D0, C4<1>, C4<1>;
L_00000272D14D5D50 .functor XOR 1, L_00000272D14C7530, L_00000272D14C57D0, C4<0>, C4<0>;
L_00000272D14D5030 .functor AND 1, L_00000272D14C5870, L_00000272D14D5D50, C4<1>, C4<1>;
L_00000272D14D48C0 .functor OR 1, L_00000272D14D5420, L_00000272D14D5030, C4<0>, C4<0>;
v00000272D13FFE40_0 .net *"_ivl_0", 0 0, L_00000272D14D4FC0;  1 drivers
v00000272D14000C0_0 .net *"_ivl_4", 0 0, L_00000272D14D5420;  1 drivers
v00000272D13FFEE0_0 .net *"_ivl_6", 0 0, L_00000272D14D5D50;  1 drivers
v00000272D13FFDA0_0 .net *"_ivl_8", 0 0, L_00000272D14D5030;  1 drivers
v00000272D1400200_0 .net "a", 0 0, L_00000272D14C7530;  1 drivers
v00000272D1401560_0 .net "b", 0 0, L_00000272D14C57D0;  1 drivers
v00000272D14016A0_0 .net "cin", 0 0, L_00000272D14C5870;  1 drivers
v00000272D1400480_0 .net "cout", 0 0, L_00000272D14D48C0;  1 drivers
v00000272D14007A0_0 .net "sum", 0 0, L_00000272D14D4850;  1 drivers
S_00000272D140E000 .scope generate, "fa_loop[23]" "fa_loop[23]" 5 19, 5 19 0, S_00000272D1016820;
 .timescale -9 -12;
P_00000272D1379B90 .param/l "i" 1 5 19, +C4<010111>;
S_00000272D140D9C0 .scope module, "fa" "full_adder" 5 20, 6 1 0, S_00000272D140E000;
 .timescale -9 -12;
    .port_info 0 /INPUT 1 "a";
    .port_info 1 /INPUT 1 "b";
    .port_info 2 /INPUT 1 "cin";
    .port_info 3 /OUTPUT 1 "sum";
    .port_info 4 /OUTPUT 1 "cout";
L_00000272D14D4C40 .functor XOR 1, L_00000272D14C5A50, L_00000272D14C6130, C4<0>, C4<0>;
L_00000272D14D5E30 .functor XOR 1, L_00000272D14D4C40, L_00000272D14C9830, C4<0>, C4<0>;
L_00000272D14D5880 .functor AND 1, L_00000272D14C5A50, L_00000272D14C6130, C4<1>, C4<1>;
L_00000272D14D50A0 .functor XOR 1, L_00000272D14C5A50, L_00000272D14C6130, C4<0>, C4<0>;
L_00000272D14D4D20 .functor AND 1, L_00000272D14C9830, L_00000272D14D50A0, C4<1>, C4<1>;
L_00000272D14D5180 .functor OR 1, L_00000272D14D5880, L_00000272D14D4D20, C4<0>, C4<0>;
v00000272D13FF120_0 .net *"_ivl_0", 0 0, L_00000272D14D4C40;  1 drivers
v00000272D1401420_0 .net *"_ivl_4", 0 0, L_00000272D14D5880;  1 drivers
v00000272D13FFF80_0 .net *"_ivl_6", 0 0, L_00000272D14D50A0;  1 drivers
v00000272D1400C00_0 .net *"_ivl_8", 0 0, L_00000272D14D4D20;  1 drivers
v00000272D13FF760_0 .net "a", 0 0, L_00000272D14C5A50;  1 drivers
v00000272D13FFA80_0 .net "b", 0 0, L_00000272D14C6130;  1 drivers
v00000272D1400160_0 .net "cin", 0 0, L_00000272D14C9830;  1 drivers
v00000272D14014C0_0 .net "cout", 0 0, L_00000272D14D5180;  1 drivers
v00000272D1400020_0 .net "sum", 0 0, L_00000272D14D5E30;  1 drivers
S_00000272D140CED0 .scope generate, "fa_loop[24]" "fa_loop[24]" 5 19, 5 19 0, S_00000272D1016820;
 .timescale -9 -12;
P_00000272D137A0D0 .param/l "i" 1 5 19, +C4<011000>;
S_00000272D140DB50 .scope module, "fa" "full_adder" 5 20, 6 1 0, S_00000272D140CED0;
 .timescale -9 -12;
    .port_info 0 /INPUT 1 "a";
    .port_info 1 /INPUT 1 "b";
    .port_info 2 /INPUT 1 "cin";
    .port_info 3 /OUTPUT 1 "sum";
    .port_info 4 /OUTPUT 1 "cout";
L_00000272D14D5110 .functor XOR 1, L_00000272D14C8A70, L_00000272D14C9DD0, C4<0>, C4<0>;
L_00000272D14D57A0 .functor XOR 1, L_00000272D14D5110, L_00000272D14C8F70, C4<0>, C4<0>;
L_00000272D14D59D0 .functor AND 1, L_00000272D14C8A70, L_00000272D14C9DD0, C4<1>, C4<1>;
L_00000272D14D49A0 .functor XOR 1, L_00000272D14C8A70, L_00000272D14C9DD0, C4<0>, C4<0>;
L_00000272D14D5F80 .functor AND 1, L_00000272D14C8F70, L_00000272D14D49A0, C4<1>, C4<1>;
L_00000272D14D51F0 .functor OR 1, L_00000272D14D59D0, L_00000272D14D5F80, C4<0>, C4<0>;
v00000272D1401240_0 .net *"_ivl_0", 0 0, L_00000272D14D5110;  1 drivers
v00000272D1400F20_0 .net *"_ivl_4", 0 0, L_00000272D14D59D0;  1 drivers
v00000272D1400FC0_0 .net *"_ivl_6", 0 0, L_00000272D14D49A0;  1 drivers
v00000272D1400B60_0 .net *"_ivl_8", 0 0, L_00000272D14D5F80;  1 drivers
v00000272D13FF800_0 .net "a", 0 0, L_00000272D14C8A70;  1 drivers
v00000272D14003E0_0 .net "b", 0 0, L_00000272D14C9DD0;  1 drivers
v00000272D1400D40_0 .net "cin", 0 0, L_00000272D14C8F70;  1 drivers
v00000272D13FF440_0 .net "cout", 0 0, L_00000272D14D51F0;  1 drivers
v00000272D13FF4E0_0 .net "sum", 0 0, L_00000272D14D57A0;  1 drivers
S_00000272D140D060 .scope generate, "fa_loop[25]" "fa_loop[25]" 5 19, 5 19 0, S_00000272D1016820;
 .timescale -9 -12;
P_00000272D137A150 .param/l "i" 1 5 19, +C4<011001>;
S_00000272D140D510 .scope module, "fa" "full_adder" 5 20, 6 1 0, S_00000272D140D060;
 .timescale -9 -12;
    .port_info 0 /INPUT 1 "a";
    .port_info 1 /INPUT 1 "b";
    .port_info 2 /INPUT 1 "cin";
    .port_info 3 /OUTPUT 1 "sum";
    .port_info 4 /OUTPUT 1 "cout";
L_00000272D14D5260 .functor XOR 1, L_00000272D14C9290, L_00000272D14C7C10, C4<0>, C4<0>;
L_00000272D14D4A10 .functor XOR 1, L_00000272D14D5260, L_00000272D14C7A30, C4<0>, C4<0>;
L_00000272D14D5490 .functor AND 1, L_00000272D14C9290, L_00000272D14C7C10, C4<1>, C4<1>;
L_00000272D14D5DC0 .functor XOR 1, L_00000272D14C9290, L_00000272D14C7C10, C4<0>, C4<0>;
L_00000272D14D52D0 .functor AND 1, L_00000272D14C7A30, L_00000272D14D5DC0, C4<1>, C4<1>;
L_00000272D14D4A80 .functor OR 1, L_00000272D14D5490, L_00000272D14D52D0, C4<0>, C4<0>;
v00000272D1400AC0_0 .net *"_ivl_0", 0 0, L_00000272D14D5260;  1 drivers
v00000272D1401060_0 .net *"_ivl_4", 0 0, L_00000272D14D5490;  1 drivers
v00000272D14002A0_0 .net *"_ivl_6", 0 0, L_00000272D14D5DC0;  1 drivers
v00000272D13FF1C0_0 .net *"_ivl_8", 0 0, L_00000272D14D52D0;  1 drivers
v00000272D13FF300_0 .net "a", 0 0, L_00000272D14C9290;  1 drivers
v00000272D13FF9E0_0 .net "b", 0 0, L_00000272D14C7C10;  1 drivers
v00000272D13FF940_0 .net "cin", 0 0, L_00000272D14C7A30;  1 drivers
v00000272D1400840_0 .net "cout", 0 0, L_00000272D14D4A80;  1 drivers
v00000272D14012E0_0 .net "sum", 0 0, L_00000272D14D4A10;  1 drivers
S_00000272D140DCE0 .scope generate, "fa_loop[26]" "fa_loop[26]" 5 19, 5 19 0, S_00000272D1016820;
 .timescale -9 -12;
P_00000272D1379190 .param/l "i" 1 5 19, +C4<011010>;
S_00000272D140CA20 .scope module, "fa" "full_adder" 5 20, 6 1 0, S_00000272D140DCE0;
 .timescale -9 -12;
    .port_info 0 /INPUT 1 "a";
    .port_info 1 /INPUT 1 "b";
    .port_info 2 /INPUT 1 "cin";
    .port_info 3 /OUTPUT 1 "sum";
    .port_info 4 /OUTPUT 1 "cout";
L_00000272D14D4CB0 .functor XOR 1, L_00000272D14C9FB0, L_00000272D14C9150, C4<0>, C4<0>;
L_00000272D14D5EA0 .functor XOR 1, L_00000272D14D4CB0, L_00000272D14C82F0, C4<0>, C4<0>;
L_00000272D14D58F0 .functor AND 1, L_00000272D14C9FB0, L_00000272D14C9150, C4<1>, C4<1>;
L_00000272D14D5340 .functor XOR 1, L_00000272D14C9FB0, L_00000272D14C9150, C4<0>, C4<0>;
L_00000272D14D4D90 .functor AND 1, L_00000272D14C82F0, L_00000272D14D5340, C4<1>, C4<1>;
L_00000272D14D53B0 .functor OR 1, L_00000272D14D58F0, L_00000272D14D4D90, C4<0>, C4<0>;
v00000272D14008E0_0 .net *"_ivl_0", 0 0, L_00000272D14D4CB0;  1 drivers
v00000272D1400340_0 .net *"_ivl_4", 0 0, L_00000272D14D58F0;  1 drivers
v00000272D1400520_0 .net *"_ivl_6", 0 0, L_00000272D14D5340;  1 drivers
v00000272D13FFB20_0 .net *"_ivl_8", 0 0, L_00000272D14D4D90;  1 drivers
v00000272D1400660_0 .net "a", 0 0, L_00000272D14C9FB0;  1 drivers
v00000272D1401740_0 .net "b", 0 0, L_00000272D14C9150;  1 drivers
v00000272D1401600_0 .net "cin", 0 0, L_00000272D14C82F0;  1 drivers
v00000272D1400CA0_0 .net "cout", 0 0, L_00000272D14D53B0;  1 drivers
v00000272D13FF6C0_0 .net "sum", 0 0, L_00000272D14D5EA0;  1 drivers
S_00000272D140DE70 .scope generate, "fa_loop[27]" "fa_loop[27]" 5 19, 5 19 0, S_00000272D1016820;
 .timescale -9 -12;
P_00000272D137AC90 .param/l "i" 1 5 19, +C4<011011>;
S_00000272D140CD40 .scope module, "fa" "full_adder" 5 20, 6 1 0, S_00000272D140DE70;
 .timescale -9 -12;
    .port_info 0 /INPUT 1 "a";
    .port_info 1 /INPUT 1 "b";
    .port_info 2 /INPUT 1 "cin";
    .port_info 3 /OUTPUT 1 "sum";
    .port_info 4 /OUTPUT 1 "cout";
L_00000272D14D61B0 .functor XOR 1, L_00000272D14C93D0, L_00000272D14CA050, C4<0>, C4<0>;
L_00000272D14D5570 .functor XOR 1, L_00000272D14D61B0, L_00000272D14C9E70, C4<0>, C4<0>;
L_00000272D14D5500 .functor AND 1, L_00000272D14C93D0, L_00000272D14CA050, C4<1>, C4<1>;
L_00000272D14D5810 .functor XOR 1, L_00000272D14C93D0, L_00000272D14CA050, C4<0>, C4<0>;
L_00000272D14D55E0 .functor AND 1, L_00000272D14C9E70, L_00000272D14D5810, C4<1>, C4<1>;
L_00000272D14D4E70 .functor OR 1, L_00000272D14D5500, L_00000272D14D55E0, C4<0>, C4<0>;
v00000272D1401380_0 .net *"_ivl_0", 0 0, L_00000272D14D61B0;  1 drivers
v00000272D13FF580_0 .net *"_ivl_4", 0 0, L_00000272D14D5500;  1 drivers
v00000272D1400980_0 .net *"_ivl_6", 0 0, L_00000272D14D5810;  1 drivers
v00000272D1400DE0_0 .net *"_ivl_8", 0 0, L_00000272D14D55E0;  1 drivers
v00000272D1400A20_0 .net "a", 0 0, L_00000272D14C93D0;  1 drivers
v00000272D13FF8A0_0 .net "b", 0 0, L_00000272D14CA050;  1 drivers
v00000272D1400E80_0 .net "cin", 0 0, L_00000272D14C9E70;  1 drivers
v00000272D1401100_0 .net "cout", 0 0, L_00000272D14D4E70;  1 drivers
v00000272D14011A0_0 .net "sum", 0 0, L_00000272D14D5570;  1 drivers
S_00000272D140E4B0 .scope generate, "fa_loop[28]" "fa_loop[28]" 5 19, 5 19 0, S_00000272D1016820;
 .timescale -9 -12;
P_00000272D137A550 .param/l "i" 1 5 19, +C4<011100>;
S_00000272D140D1F0 .scope module, "fa" "full_adder" 5 20, 6 1 0, S_00000272D140E4B0;
 .timescale -9 -12;
    .port_info 0 /INPUT 1 "a";
    .port_info 1 /INPUT 1 "b";
    .port_info 2 /INPUT 1 "cin";
    .port_info 3 /OUTPUT 1 "sum";
    .port_info 4 /OUTPUT 1 "cout";
L_00000272D14D5FF0 .functor XOR 1, L_00000272D14C91F0, L_00000272D14C9650, C4<0>, C4<0>;
L_00000272D14D6060 .functor XOR 1, L_00000272D14D5FF0, L_00000272D14C89D0, C4<0>, C4<0>;
L_00000272D14D4AF0 .functor AND 1, L_00000272D14C91F0, L_00000272D14C9650, C4<1>, C4<1>;
L_00000272D14D60D0 .functor XOR 1, L_00000272D14C91F0, L_00000272D14C9650, C4<0>, C4<0>;
L_00000272D14D5650 .functor AND 1, L_00000272D14C89D0, L_00000272D14D60D0, C4<1>, C4<1>;
L_00000272D14D6140 .functor OR 1, L_00000272D14D4AF0, L_00000272D14D5650, C4<0>, C4<0>;
v00000272D13FFD00_0 .net *"_ivl_0", 0 0, L_00000272D14D5FF0;  1 drivers
v00000272D14017E0_0 .net *"_ivl_4", 0 0, L_00000272D14D4AF0;  1 drivers
v00000272D13FF260_0 .net *"_ivl_6", 0 0, L_00000272D14D60D0;  1 drivers
v00000272D13FF080_0 .net *"_ivl_8", 0 0, L_00000272D14D5650;  1 drivers
v00000272D13FF620_0 .net "a", 0 0, L_00000272D14C91F0;  1 drivers
v00000272D13FFC60_0 .net "b", 0 0, L_00000272D14C9650;  1 drivers
v00000272D1402DC0_0 .net "cin", 0 0, L_00000272D14C89D0;  1 drivers
v00000272D1402F00_0 .net "cout", 0 0, L_00000272D14D6140;  1 drivers
v00000272D14023C0_0 .net "sum", 0 0, L_00000272D14D6060;  1 drivers
S_00000272D140E640 .scope generate, "fa_loop[29]" "fa_loop[29]" 5 19, 5 19 0, S_00000272D1016820;
 .timescale -9 -12;
P_00000272D137AF90 .param/l "i" 1 5 19, +C4<011101>;
S_00000272D140C890 .scope module, "fa" "full_adder" 5 20, 6 1 0, S_00000272D140E640;
 .timescale -9 -12;
    .port_info 0 /INPUT 1 "a";
    .port_info 1 /INPUT 1 "b";
    .port_info 2 /INPUT 1 "cin";
    .port_info 3 /OUTPUT 1 "sum";
    .port_info 4 /OUTPUT 1 "cout";
L_00000272D14D56C0 .functor XOR 1, L_00000272D14C7AD0, L_00000272D14C98D0, C4<0>, C4<0>;
L_00000272D14D5B20 .functor XOR 1, L_00000272D14D56C0, L_00000272D14C7CB0, C4<0>, C4<0>;
L_00000272D14D4B60 .functor AND 1, L_00000272D14C7AD0, L_00000272D14C98D0, C4<1>, C4<1>;
L_00000272D14D4BD0 .functor XOR 1, L_00000272D14C7AD0, L_00000272D14C98D0, C4<0>, C4<0>;
L_00000272D14D4620 .functor AND 1, L_00000272D14C7CB0, L_00000272D14D4BD0, C4<1>, C4<1>;
L_00000272D14D5A40 .functor OR 1, L_00000272D14D4B60, L_00000272D14D4620, C4<0>, C4<0>;
v00000272D1402280_0 .net *"_ivl_0", 0 0, L_00000272D14D56C0;  1 drivers
v00000272D1401B00_0 .net *"_ivl_4", 0 0, L_00000272D14D4B60;  1 drivers
v00000272D1403680_0 .net *"_ivl_6", 0 0, L_00000272D14D4BD0;  1 drivers
v00000272D1403EA0_0 .net *"_ivl_8", 0 0, L_00000272D14D4620;  1 drivers
v00000272D1403A40_0 .net "a", 0 0, L_00000272D14C7AD0;  1 drivers
v00000272D1401EC0_0 .net "b", 0 0, L_00000272D14C98D0;  1 drivers
v00000272D1401D80_0 .net "cin", 0 0, L_00000272D14C7CB0;  1 drivers
v00000272D14037C0_0 .net "cout", 0 0, L_00000272D14D5A40;  1 drivers
v00000272D1403D60_0 .net "sum", 0 0, L_00000272D14D5B20;  1 drivers
S_00000272D140CBB0 .scope generate, "fa_loop[30]" "fa_loop[30]" 5 19, 5 19 0, S_00000272D1016820;
 .timescale -9 -12;
P_00000272D137AA10 .param/l "i" 1 5 19, +C4<011110>;
S_00000272D1410330 .scope module, "fa" "full_adder" 5 20, 6 1 0, S_00000272D140CBB0;
 .timescale -9 -12;
    .port_info 0 /INPUT 1 "a";
    .port_info 1 /INPUT 1 "b";
    .port_info 2 /INPUT 1 "cin";
    .port_info 3 /OUTPUT 1 "sum";
    .port_info 4 /OUTPUT 1 "cout";
L_00000272D14D5AB0 .functor XOR 1, L_00000272D14C9330, L_00000272D14C8BB0, C4<0>, C4<0>;
L_00000272D14D5B90 .functor XOR 1, L_00000272D14D5AB0, L_00000272D14C8430, C4<0>, C4<0>;
L_00000272D14D5C70 .functor AND 1, L_00000272D14C9330, L_00000272D14C8BB0, C4<1>, C4<1>;
L_00000272D14D4690 .functor XOR 1, L_00000272D14C9330, L_00000272D14C8BB0, C4<0>, C4<0>;
L_00000272D14D5CE0 .functor AND 1, L_00000272D14C8430, L_00000272D14D4690, C4<1>, C4<1>;
L_00000272D14D4700 .functor OR 1, L_00000272D14D5C70, L_00000272D14D5CE0, C4<0>, C4<0>;
v00000272D1401880_0 .net *"_ivl_0", 0 0, L_00000272D14D5AB0;  1 drivers
v00000272D1402820_0 .net *"_ivl_4", 0 0, L_00000272D14D5C70;  1 drivers
v00000272D1402BE0_0 .net *"_ivl_6", 0 0, L_00000272D14D4690;  1 drivers
v00000272D1402460_0 .net *"_ivl_8", 0 0, L_00000272D14D5CE0;  1 drivers
v00000272D1402AA0_0 .net "a", 0 0, L_00000272D14C9330;  1 drivers
v00000272D1403720_0 .net "b", 0 0, L_00000272D14C8BB0;  1 drivers
v00000272D1403E00_0 .net "cin", 0 0, L_00000272D14C8430;  1 drivers
v00000272D1402140_0 .net "cout", 0 0, L_00000272D14D4700;  1 drivers
v00000272D1403860_0 .net "sum", 0 0, L_00000272D14D5B90;  1 drivers
S_00000272D140EEE0 .scope generate, "fa_loop[31]" "fa_loop[31]" 5 19, 5 19 0, S_00000272D1016820;
 .timescale -9 -12;
P_00000272D137AA50 .param/l "i" 1 5 19, +C4<011111>;
S_00000272D140FB60 .scope module, "fa" "full_adder" 5 20, 6 1 0, S_00000272D140EEE0;
 .timescale -9 -12;
    .port_info 0 /INPUT 1 "a";
    .port_info 1 /INPUT 1 "b";
    .port_info 2 /INPUT 1 "cin";
    .port_info 3 /OUTPUT 1 "sum";
    .port_info 4 /OUTPUT 1 "cout";
L_00000272D14D4770 .functor XOR 1, L_00000272D14C7D50, L_00000272D14C8930, C4<0>, C4<0>;
L_00000272D14D47E0 .functor XOR 1, L_00000272D14D4770, L_00000272D14C9010, C4<0>, C4<0>;
L_00000272D14D6220 .functor AND 1, L_00000272D14C7D50, L_00000272D14C8930, C4<1>, C4<1>;
L_00000272D14D6450 .functor XOR 1, L_00000272D14C7D50, L_00000272D14C8930, C4<0>, C4<0>;
L_00000272D14D68B0 .functor AND 1, L_00000272D14C9010, L_00000272D14D6450, C4<1>, C4<1>;
L_00000272D14D65A0 .functor OR 1, L_00000272D14D6220, L_00000272D14D68B0, C4<0>, C4<0>;
v00000272D1403B80_0 .net *"_ivl_0", 0 0, L_00000272D14D4770;  1 drivers
v00000272D1402780_0 .net *"_ivl_4", 0 0, L_00000272D14D6220;  1 drivers
v00000272D1403C20_0 .net *"_ivl_6", 0 0, L_00000272D14D6450;  1 drivers
v00000272D1401BA0_0 .net *"_ivl_8", 0 0, L_00000272D14D68B0;  1 drivers
v00000272D1402FA0_0 .net "a", 0 0, L_00000272D14C7D50;  1 drivers
v00000272D1403900_0 .net "b", 0 0, L_00000272D14C8930;  1 drivers
v00000272D14039A0_0 .net "cin", 0 0, L_00000272D14C9010;  1 drivers
v00000272D1403360_0 .net "cout", 0 0, L_00000272D14D65A0;  1 drivers
v00000272D1402640_0 .net "sum", 0 0, L_00000272D14D47E0;  1 drivers
S_00000272D140F200 .scope module, "u_controller" "controller" 3 69, 7 4 0, S_00000272D12E4860;
 .timescale -9 -12;
    .port_info 0 /INPUT 7 "op";
    .port_info 1 /INPUT 3 "funct3";
    .port_info 2 /INPUT 1 "funct7_5";
    .port_info 3 /INPUT 1 "zero";
    .port_info 4 /OUTPUT 2 "result_src";
    .port_info 5 /OUTPUT 1 "mem_write";
    .port_info 6 /OUTPUT 1 "pc_src";
    .port_info 7 /OUTPUT 1 "alu_src";
    .port_info 8 /OUTPUT 2 "imm_src";
    .port_info 9 /OUTPUT 1 "reg_write";
    .port_info 10 /OUTPUT 3 "alu_control";
L_00000272D145B9F0 .functor BUFZ 1, v00000272D1415280_0, C4<0>, C4<0>, C4<0>;
L_00000272D145AD40 .functor BUFZ 2, v00000272D14035E0_0, C4<00>, C4<00>, C4<00>;
L_00000272D145C080 .functor BUFZ 1, v00000272D14153C0_0, C4<0>, C4<0>, C4<0>;
L_00000272D145B7C0 .functor BUFZ 2, v00000272D14135C0_0, C4<00>, C4<00>, C4<00>;
L_00000272D145B210 .functor AND 1, v00000272D1401C40_0, L_00000272D14CA0F0, C4<1>, C4<1>;
L_00000272D145B980 .functor OR 1, L_00000272D145B210, v00000272D14141A0_0, C4<0>, C4<0>;
v00000272D1401E20_0 .net *"_ivl_12", 0 0, L_00000272D145B210;  1 drivers
v00000272D1402D20_0 .net "alu_control", 2 0, v00000272D1402E60_0;  alias, 1 drivers
v00000272D1402E60_0 .var "alu_control_reg", 2 0;
v00000272D14030E0_0 .var "alu_op", 1 0;
v00000272D1401A60_0 .net "alu_src", 0 0, v00000272D1403220_0;  alias, 1 drivers
v00000272D1403220_0 .var "alu_src_reg", 0 0;
v00000272D1401C40_0 .var "branch", 0 0;
v00000272D1402960_0 .net "funct3", 2 0, L_00000272D1444050;  1 drivers
v00000272D1401F60_0 .net "funct7_5", 0 0, L_00000272D1443D30;  1 drivers
v00000272D1403540_0 .net "imm_src", 1 0, L_00000272D145AD40;  alias, 1 drivers
v00000272D14035E0_0 .var "imm_src_reg", 1 0;
v00000272D14141A0_0 .var "jump", 0 0;
v00000272D1413160_0 .net "mem_write", 0 0, L_00000272D145C080;  alias, 1 drivers
v00000272D14153C0_0 .var "mem_write_reg", 0 0;
v00000272D1415320_0 .net "op", 6 0, L_00000272D1443C90;  1 drivers
v00000272D1414A60_0 .net "pc_src", 0 0, L_00000272D145B980;  alias, 1 drivers
v00000272D14156E0_0 .net "reg_write", 0 0, L_00000272D145B9F0;  alias, 1 drivers
v00000272D1415280_0 .var "reg_write_reg", 0 0;
v00000272D14151E0_0 .net "result_src", 1 0, L_00000272D145B7C0;  alias, 1 drivers
v00000272D14135C0_0 .var "result_src_reg", 1 0;
v00000272D1415140_0 .net "zero", 0 0, L_00000272D14CA0F0;  alias, 1 drivers
E_00000272D137AD50 .event anyedge, v00000272D14030E0_0, v00000272D1402960_0, v00000272D1401F60_0, v00000272D1415320_0;
E_00000272D137B0D0 .event anyedge, v00000272D1415320_0;
S_00000272D14104C0 .scope module, "u_dff_pc" "dff_pc" 3 49, 8 1 0, S_00000272D12E4860;
 .timescale -9 -12;
    .port_info 0 /INPUT 1 "clk";
    .port_info 1 /INPUT 1 "rst_n";
    .port_info 2 /INPUT 32 "pc_next";
    .port_info 3 /OUTPUT 32 "pc";
v00000272D1414240_0 .net "clk", 0 0, v00000272D1441030_0;  alias, 1 drivers
v00000272D1413DE0_0 .var "pc", 31 0;
v00000272D1414BA0_0 .net "pc_next", 31 0, L_00000272D143EA10;  alias, 1 drivers
v00000272D1414EC0_0 .net "rst_n", 0 0, v00000272D143F9B0_0;  alias, 1 drivers
E_00000272D137AE10/0 .event negedge, v00000272D1414EC0_0;
E_00000272D137AE10/1 .event posedge, v00000272D1414240_0;
E_00000272D137AE10 .event/or E_00000272D137AE10/0, E_00000272D137AE10/1;
S_00000272D140FCF0 .scope module, "u_dmem" "data_memory" 3 132, 9 1 0, S_00000272D12E4860;
 .timescale -9 -12;
    .port_info 0 /INPUT 1 "clk";
    .port_info 1 /INPUT 1 "we";
    .port_info 2 /INPUT 32 "addr";
    .port_info 3 /INPUT 32 "wd";
    .port_info 4 /OUTPUT 32 "rd";
L_00000272D14D9790 .functor BUFZ 32, L_00000272D14CDE30, C4<00000000000000000000000000000000>, C4<00000000000000000000000000000000>, C4<00000000000000000000000000000000>;
v00000272D1415000_0 .net *"_ivl_0", 31 0, L_00000272D14CDE30;  1 drivers
v00000272D14150A0_0 .net *"_ivl_3", 29 0, L_00000272D14CD570;  1 drivers
v00000272D14149C0_0 .net "addr", 31 0, L_00000272D14D64C0;  alias, 1 drivers
v00000272D14146A0_0 .net "clk", 0 0, v00000272D1441030_0;  alias, 1 drivers
v00000272D1413D40_0 .var/i "i", 31 0;
v00000272D1415460 .array "mem", 4095 0, 31 0;
v00000272D1414F60_0 .net "rd", 31 0, L_00000272D14D9790;  alias, 1 drivers
v00000272D14144C0_0 .net "wd", 31 0, L_00000272D1444410;  alias, 1 drivers
v00000272D1414740_0 .net "we", 0 0, L_00000272D145C080;  alias, 1 drivers
E_00000272D137AE50 .event posedge, v00000272D1414240_0;
L_00000272D14CDE30 .array/port v00000272D1415460, L_00000272D14CD570;
L_00000272D14CD570 .part L_00000272D14D64C0, 2, 30;
S_00000272D1410010 .scope module, "u_extend" "extend" 3 97, 10 1 0, S_00000272D12E4860;
 .timescale -9 -12;
    .port_info 0 /INPUT 25 "instr";
    .port_info 1 /INPUT 2 "immsrc";
    .port_info 2 /OUTPUT 32 "imm_ext";
v00000272D1414C40_0 .var "imm_ext", 31 0;
v00000272D1415780_0 .net "immsrc", 1 0, L_00000272D145AD40;  alias, 1 drivers
v00000272D1414920_0 .net "instr", 31 7, L_00000272D1443F10;  1 drivers
E_00000272D137A2D0 .event anyedge, v00000272D1403540_0, v00000272D1414920_0;
S_00000272D140EBC0 .scope module, "u_imem" "instruction_memory" 3 61, 11 4 0, S_00000272D12E4860;
 .timescale -9 -12;
    .port_info 0 /INPUT 32 "addr";
    .port_info 1 /OUTPUT 32 "instr";
L_00000272D145B6E0 .functor BUFZ 32, L_00000272D1441210, C4<00000000000000000000000000000000>, C4<00000000000000000000000000000000>, C4<00000000000000000000000000000000>;
v00000272D1413AC0_0 .net *"_ivl_0", 31 0, L_00000272D1441210;  1 drivers
v00000272D1415500_0 .net *"_ivl_3", 10 0, L_00000272D14412B0;  1 drivers
v00000272D1414CE0_0 .net *"_ivl_4", 12 0, L_00000272D14444B0;  1 drivers
L_00000272D145EA08 .functor BUFT 1, C4<00>, C4<0>, C4<0>, C4<0>;
v00000272D14155A0_0 .net *"_ivl_7", 1 0, L_00000272D145EA08;  1 drivers
v00000272D1413980_0 .net "addr", 31 0, v00000272D1413DE0_0;  alias, 1 drivers
v00000272D1413520_0 .var/i "i", 31 0;
v00000272D14147E0_0 .net "instr", 31 0, L_00000272D145B6E0;  alias, 1 drivers
v00000272D14142E0 .array "mem", 2047 0, 31 0;
L_00000272D1441210 .array/port v00000272D14142E0, L_00000272D14444B0;
L_00000272D14412B0 .part v00000272D1413DE0_0, 2, 11;
L_00000272D14444B0 .concat [ 11 2 0 0], L_00000272D14412B0, L_00000272D145EA08;
S_00000272D140F390 .scope module, "u_pc_mux" "mux2" 3 42, 12 2 0, S_00000272D12E4860;
 .timescale -9 -12;
    .port_info 0 /INPUT 32 "d0";
    .port_info 1 /INPUT 32 "d1";
    .port_info 2 /INPUT 1 "s";
    .port_info 3 /OUTPUT 32 "y";
P_00000272D137A250 .param/l "WIDTH" 0 12 3, +C4<00000000000000000000000000100000>;
v00000272D1414880_0 .net "d0", 31 0, L_00000272D1443790;  alias, 1 drivers
v00000272D1413840_0 .net "d1", 31 0, L_00000272D14CCD50;  alias, 1 drivers
v00000272D1413C00_0 .net "s", 0 0, L_00000272D145B980;  alias, 1 drivers
v00000272D14133E0_0 .net "y", 31 0, L_00000272D143EA10;  alias, 1 drivers
L_00000272D143EA10 .functor MUXZ 32, L_00000272D1443790, L_00000272D14CCD50, L_00000272D145B980, C4<>;
S_00000272D140EA30 .scope module, "u_pc_plus4" "pc_plus4" 3 56, 13 1 0, S_00000272D12E4860;
 .timescale -9 -12;
    .port_info 0 /INPUT 32 "pc";
    .port_info 1 /OUTPUT 32 "pc_plus4";
v00000272D142C6D0_0 .net "cout_unused", 0 0, L_00000272D1441170;  1 drivers
v00000272D142C770_0 .net "pc", 31 0, v00000272D1413DE0_0;  alias, 1 drivers
v00000272D142C950_0 .net "pc_plus4", 31 0, L_00000272D1443790;  alias, 1 drivers
S_00000272D140F520 .scope module, "u_adder_32" "adder_32" 13 9, 5 1 0, S_00000272D140EA30;
 .timescale -9 -12;
    .port_info 0 /INPUT 32 "a";
    .port_info 1 /INPUT 32 "b";
    .port_info 2 /INPUT 1 "sub_ctrl";
    .port_info 3 /OUTPUT 32 "sum";
    .port_info 4 /OUTPUT 1 "cout";
L_00000272D145E978 .functor BUFT 1, C4<00000000000000000000000000000100>, C4<0>, C4<0>, C4<0>;
L_00000272D145C240 .functor XOR 32, L_00000272D145E978, L_00000272D1441DF0, C4<00000000000000000000000000000000>, C4<00000000000000000000000000000000>;
L_00000272D145E9C0 .functor BUFT 1, C4<0>, C4<0>, C4<0>, C4<0>;
L_00000272D145B2F0 .functor BUFZ 1, L_00000272D145E9C0, C4<0>, C4<0>, C4<0>;
v00000272D1429F70_0 .net *"_ivl_226", 31 0, L_00000272D1441DF0;  1 drivers
v00000272D142A470_0 .net *"_ivl_233", 0 0, L_00000272D145B2F0;  1 drivers
v00000272D142B730_0 .net "a", 31 0, v00000272D1413DE0_0;  alias, 1 drivers
v00000272D142A010_0 .net "b", 31 0, L_00000272D145E978;  1 drivers
v00000272D142A510_0 .net "b_inv", 31 0, L_00000272D145C240;  1 drivers
v00000272D142A5B0_0 .net "c", 32 0, L_00000272D14438D0;  1 drivers
v00000272D142CDB0_0 .net "cout", 0 0, L_00000272D1441170;  alias, 1 drivers
v00000272D142D490_0 .net "sub_ctrl", 0 0, L_00000272D145E9C0;  1 drivers
v00000272D142BEB0_0 .net "sum", 31 0, L_00000272D1443790;  alias, 1 drivers
L_00000272D143FA50 .part v00000272D1413DE0_0, 0, 1;
L_00000272D14406D0 .part L_00000272D145C240, 0, 1;
L_00000272D143FAF0 .part L_00000272D14438D0, 0, 1;
L_00000272D143FB90 .part v00000272D1413DE0_0, 1, 1;
L_00000272D143F5F0 .part L_00000272D145C240, 1, 1;
L_00000272D143EDD0 .part L_00000272D14438D0, 1, 1;
L_00000272D1440F90 .part v00000272D1413DE0_0, 2, 1;
L_00000272D1440130 .part L_00000272D145C240, 2, 1;
L_00000272D143FD70 .part L_00000272D14438D0, 2, 1;
L_00000272D143E970 .part v00000272D1413DE0_0, 3, 1;
L_00000272D1440DB0 .part L_00000272D145C240, 3, 1;
L_00000272D143FF50 .part L_00000272D14438D0, 3, 1;
L_00000272D1440630 .part v00000272D1413DE0_0, 4, 1;
L_00000272D143FCD0 .part L_00000272D145C240, 4, 1;
L_00000272D143EC90 .part L_00000272D14438D0, 4, 1;
L_00000272D14408B0 .part v00000272D1413DE0_0, 5, 1;
L_00000272D1440E50 .part L_00000272D145C240, 5, 1;
L_00000272D14409F0 .part L_00000272D14438D0, 5, 1;
L_00000272D143FE10 .part v00000272D1413DE0_0, 6, 1;
L_00000272D14410D0 .part L_00000272D145C240, 6, 1;
L_00000272D14401D0 .part L_00000272D14438D0, 6, 1;
L_00000272D1440090 .part v00000272D1413DE0_0, 7, 1;
L_00000272D1440770 .part L_00000272D145C240, 7, 1;
L_00000272D143EAB0 .part L_00000272D14438D0, 7, 1;
L_00000272D1440270 .part v00000272D1413DE0_0, 8, 1;
L_00000272D1440A90 .part L_00000272D145C240, 8, 1;
L_00000272D143EE70 .part L_00000272D14438D0, 8, 1;
L_00000272D1440B30 .part v00000272D1413DE0_0, 9, 1;
L_00000272D143F050 .part L_00000272D145C240, 9, 1;
L_00000272D14403B0 .part L_00000272D14438D0, 9, 1;
L_00000272D1440BD0 .part v00000272D1413DE0_0, 10, 1;
L_00000272D143F0F0 .part L_00000272D145C240, 10, 1;
L_00000272D1440450 .part L_00000272D14438D0, 10, 1;
L_00000272D14404F0 .part v00000272D1413DE0_0, 11, 1;
L_00000272D143F190 .part L_00000272D145C240, 11, 1;
L_00000272D143F690 .part L_00000272D14438D0, 11, 1;
L_00000272D143F230 .part v00000272D1413DE0_0, 12, 1;
L_00000272D143F2D0 .part L_00000272D145C240, 12, 1;
L_00000272D14424D0 .part L_00000272D14438D0, 12, 1;
L_00000272D1441670 .part v00000272D1413DE0_0, 13, 1;
L_00000272D14430B0 .part L_00000272D145C240, 13, 1;
L_00000272D1443650 .part L_00000272D14438D0, 13, 1;
L_00000272D1442890 .part v00000272D1413DE0_0, 14, 1;
L_00000272D1442390 .part L_00000272D145C240, 14, 1;
L_00000272D14429D0 .part L_00000272D14438D0, 14, 1;
L_00000272D1442250 .part v00000272D1413DE0_0, 15, 1;
L_00000272D1441AD0 .part L_00000272D145C240, 15, 1;
L_00000272D1441850 .part L_00000272D14438D0, 15, 1;
L_00000272D1443510 .part v00000272D1413DE0_0, 16, 1;
L_00000272D1442E30 .part L_00000272D145C240, 16, 1;
L_00000272D1442C50 .part L_00000272D14438D0, 16, 1;
L_00000272D14433D0 .part v00000272D1413DE0_0, 17, 1;
L_00000272D14421B0 .part L_00000272D145C240, 17, 1;
L_00000272D1443290 .part L_00000272D14438D0, 17, 1;
L_00000272D1441E90 .part v00000272D1413DE0_0, 18, 1;
L_00000272D1442930 .part L_00000272D145C240, 18, 1;
L_00000272D1441350 .part L_00000272D14438D0, 18, 1;
L_00000272D1441B70 .part v00000272D1413DE0_0, 19, 1;
L_00000272D1442430 .part L_00000272D145C240, 19, 1;
L_00000272D1443150 .part L_00000272D14438D0, 19, 1;
L_00000272D1441C10 .part v00000272D1413DE0_0, 20, 1;
L_00000272D1442570 .part L_00000272D145C240, 20, 1;
L_00000272D14422F0 .part L_00000272D14438D0, 20, 1;
L_00000272D1441FD0 .part v00000272D1413DE0_0, 21, 1;
L_00000272D14413F0 .part L_00000272D145C240, 21, 1;
L_00000272D1441490 .part L_00000272D14438D0, 21, 1;
L_00000272D1441CB0 .part v00000272D1413DE0_0, 22, 1;
L_00000272D1443470 .part L_00000272D145C240, 22, 1;
L_00000272D1442610 .part L_00000272D14438D0, 22, 1;
L_00000272D1442110 .part v00000272D1413DE0_0, 23, 1;
L_00000272D14426B0 .part L_00000272D145C240, 23, 1;
L_00000272D1442D90 .part L_00000272D14438D0, 23, 1;
L_00000272D1442750 .part v00000272D1413DE0_0, 24, 1;
L_00000272D14418F0 .part L_00000272D145C240, 24, 1;
L_00000272D1442A70 .part L_00000272D14438D0, 24, 1;
L_00000272D1441F30 .part v00000272D1413DE0_0, 25, 1;
L_00000272D1441990 .part L_00000272D145C240, 25, 1;
L_00000272D14431F0 .part L_00000272D14438D0, 25, 1;
L_00000272D1442CF0 .part v00000272D1413DE0_0, 26, 1;
L_00000272D14417B0 .part L_00000272D145C240, 26, 1;
L_00000272D1441710 .part L_00000272D14438D0, 26, 1;
L_00000272D14427F0 .part v00000272D1413DE0_0, 27, 1;
L_00000272D1441A30 .part L_00000272D145C240, 27, 1;
L_00000272D1442B10 .part L_00000272D14438D0, 27, 1;
L_00000272D1442BB0 .part v00000272D1413DE0_0, 28, 1;
L_00000272D1442ED0 .part L_00000272D145C240, 28, 1;
L_00000272D1442F70 .part L_00000272D14438D0, 28, 1;
L_00000272D1442070 .part v00000272D1413DE0_0, 29, 1;
L_00000272D1443830 .part L_00000272D145C240, 29, 1;
L_00000272D1443010 .part L_00000272D14438D0, 29, 1;
L_00000272D1441530 .part v00000272D1413DE0_0, 30, 1;
L_00000272D14415D0 .part L_00000272D145C240, 30, 1;
L_00000272D14435B0 .part L_00000272D14438D0, 30, 1;
L_00000272D1443330 .part v00000272D1413DE0_0, 31, 1;
L_00000272D14436F0 .part L_00000272D145C240, 31, 1;
L_00000272D1441D50 .part L_00000272D14438D0, 31, 1;
LS_00000272D1443790_0_0 .concat8 [ 1 1 1 1], L_00000272D1382E40, L_00000272D1383770, L_00000272D1382890, L_00000272D13832A0;
LS_00000272D1443790_0_4 .concat8 [ 1 1 1 1], L_00000272D1383BD0, L_00000272D1383E00, L_00000272D1383930, L_00000272D1454C40;
LS_00000272D1443790_0_8 .concat8 [ 1 1 1 1], L_00000272D1455570, L_00000272D1454D90, L_00000272D1455340, L_00000272D14564C0;
LS_00000272D1443790_0_12 .concat8 [ 1 1 1 1], L_00000272D14560D0, L_00000272D14555E0, L_00000272D1455960, L_00000272D1456220;
LS_00000272D1443790_0_16 .concat8 [ 1 1 1 1], L_00000272D1455AB0, L_00000272D1456AE0, L_00000272D1456A00, L_00000272D1456B50;
LS_00000272D1443790_0_20 .concat8 [ 1 1 1 1], L_00000272D14574F0, L_00000272D1457100, L_00000272D1456DF0, L_00000272D14571E0;
LS_00000272D1443790_0_24 .concat8 [ 1 1 1 1], L_00000272D1457410, L_00000272D1457800, L_00000272D1457090, L_00000272D1457CD0;
LS_00000272D1443790_0_28 .concat8 [ 1 1 1 1], L_00000272D14588A0, L_00000272D1458830, L_00000272D14582F0, L_00000272D145AFE0;
LS_00000272D1443790_1_0 .concat8 [ 4 4 4 4], LS_00000272D1443790_0_0, LS_00000272D1443790_0_4, LS_00000272D1443790_0_8, LS_00000272D1443790_0_12;
LS_00000272D1443790_1_4 .concat8 [ 4 4 4 4], LS_00000272D1443790_0_16, LS_00000272D1443790_0_20, LS_00000272D1443790_0_24, LS_00000272D1443790_0_28;
L_00000272D1443790 .concat8 [ 16 16 0 0], LS_00000272D1443790_1_0, LS_00000272D1443790_1_4;
L_00000272D1441DF0 .repeat 32, 32, L_00000272D145E9C0;
LS_00000272D14438D0_0_0 .concat8 [ 1 1 1 1], L_00000272D145B2F0, L_00000272D13833F0, L_00000272D1383230, L_00000272D1382D60;
LS_00000272D14438D0_0_4 .concat8 [ 1 1 1 1], L_00000272D1383C40, L_00000272D1383D90, L_00000272D1383EE0, L_00000272D14558F0;
LS_00000272D14438D0_0_8 .concat8 [ 1 1 1 1], L_00000272D1456370, L_00000272D14563E0, L_00000272D1455F10, L_00000272D1455880;
LS_00000272D14438D0_0_12 .concat8 [ 1 1 1 1], L_00000272D1454A80, L_00000272D1454FC0, L_00000272D1454B60, L_00000272D1455730;
LS_00000272D14438D0_0_16 .concat8 [ 1 1 1 1], L_00000272D1455810, L_00000272D1455DC0, L_00000272D1457170, L_00000272D1456840;
LS_00000272D14438D0_0_20 .concat8 [ 1 1 1 1], L_00000272D1456C30, L_00000272D14573A0, L_00000272D1457480, L_00000272D1456CA0;
LS_00000272D14438D0_0_24 .concat8 [ 1 1 1 1], L_00000272D1457250, L_00000272D1457720, L_00000272D1458130, L_00000272D14578E0;
LS_00000272D14438D0_0_28 .concat8 [ 1 1 1 1], L_00000272D1458600, L_00000272D14581A0, L_00000272D14587C0, L_00000272D145B360;
LS_00000272D14438D0_0_32 .concat8 [ 1 0 0 0], L_00000272D145B0C0;
LS_00000272D14438D0_1_0 .concat8 [ 4 4 4 4], LS_00000272D14438D0_0_0, LS_00000272D14438D0_0_4, LS_00000272D14438D0_0_8, LS_00000272D14438D0_0_12;
LS_00000272D14438D0_1_4 .concat8 [ 4 4 4 4], LS_00000272D14438D0_0_16, LS_00000272D14438D0_0_20, LS_00000272D14438D0_0_24, LS_00000272D14438D0_0_28;
LS_00000272D14438D0_1_8 .concat8 [ 1 0 0 0], LS_00000272D14438D0_0_32;
L_00000272D14438D0 .concat8 [ 16 16 1 0], LS_00000272D14438D0_1_0, LS_00000272D14438D0_1_4, LS_00000272D14438D0_1_8;
L_00000272D1441170 .part L_00000272D14438D0, 32, 1;
S_00000272D1410650 .scope generate, "fa_loop[0]" "fa_loop[0]" 5 19, 5 19 0, S_00000272D140F520;
 .timescale -9 -12;
P_00000272D137AF10 .param/l "i" 1 5 19, +C4<00>;
S_00000272D140F6B0 .scope module, "fa" "full_adder" 5 20, 6 1 0, S_00000272D1410650;
 .timescale -9 -12;
    .port_info 0 /INPUT 1 "a";
    .port_info 1 /INPUT 1 "b";
    .port_info 2 /INPUT 1 "cin";
    .port_info 3 /OUTPUT 1 "sum";
    .port_info 4 /OUTPUT 1 "cout";
L_00000272D1382510 .functor XOR 1, L_00000272D143FA50, L_00000272D14406D0, C4<0>, C4<0>;
L_00000272D1382E40 .functor XOR 1, L_00000272D1382510, L_00000272D143FAF0, C4<0>, C4<0>;
L_00000272D1382F90 .functor AND 1, L_00000272D143FA50, L_00000272D14406D0, C4<1>, C4<1>;
L_00000272D1383700 .functor XOR 1, L_00000272D143FA50, L_00000272D14406D0, C4<0>, C4<0>;
L_00000272D1383380 .functor AND 1, L_00000272D143FAF0, L_00000272D1383700, C4<1>, C4<1>;
L_00000272D13833F0 .functor OR 1, L_00000272D1382F90, L_00000272D1383380, C4<0>, C4<0>;
v00000272D1413480_0 .net *"_ivl_0", 0 0, L_00000272D1382510;  1 drivers
v00000272D1414E20_0 .net *"_ivl_4", 0 0, L_00000272D1382F90;  1 drivers
v00000272D1413340_0 .net *"_ivl_6", 0 0, L_00000272D1383700;  1 drivers
v00000272D14130C0_0 .net *"_ivl_8", 0 0, L_00000272D1383380;  1 drivers
v00000272D1414B00_0 .net "a", 0 0, L_00000272D143FA50;  1 drivers
v00000272D1414600_0 .net "b", 0 0, L_00000272D14406D0;  1 drivers
v00000272D1415640_0 .net "cin", 0 0, L_00000272D143FAF0;  1 drivers
v00000272D1414D80_0 .net "cout", 0 0, L_00000272D13833F0;  1 drivers
v00000272D1415820_0 .net "sum", 0 0, L_00000272D1382E40;  1 drivers
S_00000272D140FE80 .scope generate, "fa_loop[1]" "fa_loop[1]" 5 19, 5 19 0, S_00000272D140F520;
 .timescale -9 -12;
P_00000272D137AB10 .param/l "i" 1 5 19, +C4<01>;
S_00000272D140ED50 .scope module, "fa" "full_adder" 5 20, 6 1 0, S_00000272D140FE80;
 .timescale -9 -12;
    .port_info 0 /INPUT 1 "a";
    .port_info 1 /INPUT 1 "b";
    .port_info 2 /INPUT 1 "cin";
    .port_info 3 /OUTPUT 1 "sum";
    .port_info 4 /OUTPUT 1 "cout";
L_00000272D1382EB0 .functor XOR 1, L_00000272D143FB90, L_00000272D143F5F0, C4<0>, C4<0>;
L_00000272D1383770 .functor XOR 1, L_00000272D1382EB0, L_00000272D143EDD0, C4<0>, C4<0>;
L_00000272D1382580 .functor AND 1, L_00000272D143FB90, L_00000272D143F5F0, C4<1>, C4<1>;
L_00000272D1382BA0 .functor XOR 1, L_00000272D143FB90, L_00000272D143F5F0, C4<0>, C4<0>;
L_00000272D1381F60 .functor AND 1, L_00000272D143EDD0, L_00000272D1382BA0, C4<1>, C4<1>;
L_00000272D1383230 .functor OR 1, L_00000272D1382580, L_00000272D1381F60, C4<0>, C4<0>;
v00000272D1413E80_0 .net *"_ivl_0", 0 0, L_00000272D1382EB0;  1 drivers
v00000272D1413B60_0 .net *"_ivl_4", 0 0, L_00000272D1382580;  1 drivers
v00000272D1413200_0 .net *"_ivl_6", 0 0, L_00000272D1382BA0;  1 drivers
v00000272D1413A20_0 .net *"_ivl_8", 0 0, L_00000272D1381F60;  1 drivers
v00000272D1414380_0 .net "a", 0 0, L_00000272D143FB90;  1 drivers
v00000272D14132A0_0 .net "b", 0 0, L_00000272D143F5F0;  1 drivers
v00000272D1413660_0 .net "cin", 0 0, L_00000272D143EDD0;  1 drivers
v00000272D1413F20_0 .net "cout", 0 0, L_00000272D1383230;  1 drivers
v00000272D14138E0_0 .net "sum", 0 0, L_00000272D1383770;  1 drivers
S_00000272D140F840 .scope generate, "fa_loop[2]" "fa_loop[2]" 5 19, 5 19 0, S_00000272D140F520;
 .timescale -9 -12;
P_00000272D137A810 .param/l "i" 1 5 19, +C4<010>;
S_00000272D14101A0 .scope module, "fa" "full_adder" 5 20, 6 1 0, S_00000272D140F840;
 .timescale -9 -12;
    .port_info 0 /INPUT 1 "a";
    .port_info 1 /INPUT 1 "b";
    .port_info 2 /INPUT 1 "cin";
    .port_info 3 /OUTPUT 1 "sum";
    .port_info 4 /OUTPUT 1 "cout";
L_00000272D13827B0 .functor XOR 1, L_00000272D1440F90, L_00000272D1440130, C4<0>, C4<0>;
L_00000272D1382890 .functor XOR 1, L_00000272D13827B0, L_00000272D143FD70, C4<0>, C4<0>;
L_00000272D1382900 .functor AND 1, L_00000272D1440F90, L_00000272D1440130, C4<1>, C4<1>;
L_00000272D13829E0 .functor XOR 1, L_00000272D1440F90, L_00000272D1440130, C4<0>, C4<0>;
L_00000272D1382C10 .functor AND 1, L_00000272D143FD70, L_00000272D13829E0, C4<1>, C4<1>;
L_00000272D1382D60 .functor OR 1, L_00000272D1382900, L_00000272D1382C10, C4<0>, C4<0>;
v00000272D1414420_0 .net *"_ivl_0", 0 0, L_00000272D13827B0;  1 drivers
v00000272D1413700_0 .net *"_ivl_4", 0 0, L_00000272D1382900;  1 drivers
v00000272D1414100_0 .net *"_ivl_6", 0 0, L_00000272D13829E0;  1 drivers
v00000272D14137A0_0 .net *"_ivl_8", 0 0, L_00000272D1382C10;  1 drivers
v00000272D1413CA0_0 .net "a", 0 0, L_00000272D1440F90;  1 drivers
v00000272D1413FC0_0 .net "b", 0 0, L_00000272D1440130;  1 drivers
v00000272D1414060_0 .net "cin", 0 0, L_00000272D143FD70;  1 drivers
v00000272D1414560_0 .net "cout", 0 0, L_00000272D1382D60;  1 drivers
v00000272D1417940_0 .net "sum", 0 0, L_00000272D1382890;  1 drivers
S_00000272D140F070 .scope generate, "fa_loop[3]" "fa_loop[3]" 5 19, 5 19 0, S_00000272D140F520;
 .timescale -9 -12;
P_00000272D137AF50 .param/l "i" 1 5 19, +C4<011>;
S_00000272D140E8A0 .scope module, "fa" "full_adder" 5 20, 6 1 0, S_00000272D140F070;
 .timescale -9 -12;
    .port_info 0 /INPUT 1 "a";
    .port_info 1 /INPUT 1 "b";
    .port_info 2 /INPUT 1 "cin";
    .port_info 3 /OUTPUT 1 "sum";
    .port_info 4 /OUTPUT 1 "cout";
L_00000272D1382F20 .functor XOR 1, L_00000272D143E970, L_00000272D1440DB0, C4<0>, C4<0>;
L_00000272D13832A0 .functor XOR 1, L_00000272D1382F20, L_00000272D143FF50, C4<0>, C4<0>;
L_00000272D1383000 .functor AND 1, L_00000272D143E970, L_00000272D1440DB0, C4<1>, C4<1>;
L_00000272D1383CB0 .functor XOR 1, L_00000272D143E970, L_00000272D1440DB0, C4<0>, C4<0>;
L_00000272D1383FC0 .functor AND 1, L_00000272D143FF50, L_00000272D1383CB0, C4<1>, C4<1>;
L_00000272D1383C40 .functor OR 1, L_00000272D1383000, L_00000272D1383FC0, C4<0>, C4<0>;
v00000272D14158C0_0 .net *"_ivl_0", 0 0, L_00000272D1382F20;  1 drivers
v00000272D1416860_0 .net *"_ivl_4", 0 0, L_00000272D1383000;  1 drivers
v00000272D1416C20_0 .net *"_ivl_6", 0 0, L_00000272D1383CB0;  1 drivers
v00000272D14164A0_0 .net *"_ivl_8", 0 0, L_00000272D1383FC0;  1 drivers
v00000272D1416AE0_0 .net "a", 0 0, L_00000272D143E970;  1 drivers
v00000272D14176C0_0 .net "b", 0 0, L_00000272D1440DB0;  1 drivers
v00000272D1417E40_0 .net "cin", 0 0, L_00000272D143FF50;  1 drivers
v00000272D1416180_0 .net "cout", 0 0, L_00000272D1383C40;  1 drivers
v00000272D1417800_0 .net "sum", 0 0, L_00000272D13832A0;  1 drivers
S_00000272D140F9D0 .scope generate, "fa_loop[4]" "fa_loop[4]" 5 19, 5 19 0, S_00000272D140F520;
 .timescale -9 -12;
P_00000272D137A590 .param/l "i" 1 5 19, +C4<0100>;
S_00000272D14188C0 .scope module, "fa" "full_adder" 5 20, 6 1 0, S_00000272D140F9D0;
 .timescale -9 -12;
    .port_info 0 /INPUT 1 "a";
    .port_info 1 /INPUT 1 "b";
    .port_info 2 /INPUT 1 "cin";
    .port_info 3 /OUTPUT 1 "sum";
    .port_info 4 /OUTPUT 1 "cout";
L_00000272D1383D20 .functor XOR 1, L_00000272D1440630, L_00000272D143FCD0, C4<0>, C4<0>;
L_00000272D1383BD0 .functor XOR 1, L_00000272D1383D20, L_00000272D143EC90, C4<0>, C4<0>;
L_00000272D1384030 .functor AND 1, L_00000272D1440630, L_00000272D143FCD0, C4<1>, C4<1>;
L_00000272D1383B60 .functor XOR 1, L_00000272D1440630, L_00000272D143FCD0, C4<0>, C4<0>;
L_00000272D13839A0 .functor AND 1, L_00000272D143EC90, L_00000272D1383B60, C4<1>, C4<1>;
L_00000272D1383D90 .functor OR 1, L_00000272D1384030, L_00000272D13839A0, C4<0>, C4<0>;
v00000272D1416CC0_0 .net *"_ivl_0", 0 0, L_00000272D1383D20;  1 drivers
v00000272D1416720_0 .net *"_ivl_4", 0 0, L_00000272D1384030;  1 drivers
v00000272D1416540_0 .net *"_ivl_6", 0 0, L_00000272D1383B60;  1 drivers
v00000272D1417760_0 .net *"_ivl_8", 0 0, L_00000272D13839A0;  1 drivers
v00000272D1416400_0 .net "a", 0 0, L_00000272D1440630;  1 drivers
v00000272D14179E0_0 .net "b", 0 0, L_00000272D143FCD0;  1 drivers
v00000272D14173A0_0 .net "cin", 0 0, L_00000272D143EC90;  1 drivers
v00000272D1416680_0 .net "cout", 0 0, L_00000272D1383D90;  1 drivers
v00000272D1417EE0_0 .net "sum", 0 0, L_00000272D1383BD0;  1 drivers
S_00000272D1419860 .scope generate, "fa_loop[5]" "fa_loop[5]" 5 19, 5 19 0, S_00000272D140F520;
 .timescale -9 -12;
P_00000272D137A3D0 .param/l "i" 1 5 19, +C4<0101>;
S_00000272D1419220 .scope module, "fa" "full_adder" 5 20, 6 1 0, S_00000272D1419860;
 .timescale -9 -12;
    .port_info 0 /INPUT 1 "a";
    .port_info 1 /INPUT 1 "b";
    .port_info 2 /INPUT 1 "cin";
    .port_info 3 /OUTPUT 1 "sum";
    .port_info 4 /OUTPUT 1 "cout";
L_00000272D1383A10 .functor XOR 1, L_00000272D14408B0, L_00000272D1440E50, C4<0>, C4<0>;
L_00000272D1383E00 .functor XOR 1, L_00000272D1383A10, L_00000272D14409F0, C4<0>, C4<0>;
L_00000272D1383AF0 .functor AND 1, L_00000272D14408B0, L_00000272D1440E50, C4<1>, C4<1>;
L_00000272D1383E70 .functor XOR 1, L_00000272D14408B0, L_00000272D1440E50, C4<0>, C4<0>;
L_00000272D1383A80 .functor AND 1, L_00000272D14409F0, L_00000272D1383E70, C4<1>, C4<1>;
L_00000272D1383EE0 .functor OR 1, L_00000272D1383AF0, L_00000272D1383A80, C4<0>, C4<0>;
v00000272D14162C0_0 .net *"_ivl_0", 0 0, L_00000272D1383A10;  1 drivers
v00000272D14167C0_0 .net *"_ivl_4", 0 0, L_00000272D1383AF0;  1 drivers
v00000272D1416A40_0 .net *"_ivl_6", 0 0, L_00000272D1383E70;  1 drivers
v00000272D1417440_0 .net *"_ivl_8", 0 0, L_00000272D1383A80;  1 drivers
v00000272D1416D60_0 .net "a", 0 0, L_00000272D14408B0;  1 drivers
v00000272D1416E00_0 .net "b", 0 0, L_00000272D1440E50;  1 drivers
v00000272D1416B80_0 .net "cin", 0 0, L_00000272D14409F0;  1 drivers
v00000272D1417A80_0 .net "cout", 0 0, L_00000272D1383EE0;  1 drivers
v00000272D1416900_0 .net "sum", 0 0, L_00000272D1383E00;  1 drivers
S_00000272D1419B80 .scope generate, "fa_loop[6]" "fa_loop[6]" 5 19, 5 19 0, S_00000272D140F520;
 .timescale -9 -12;
P_00000272D137A610 .param/l "i" 1 5 19, +C4<0110>;
S_00000272D14199F0 .scope module, "fa" "full_adder" 5 20, 6 1 0, S_00000272D1419B80;
 .timescale -9 -12;
    .port_info 0 /INPUT 1 "a";
    .port_info 1 /INPUT 1 "b";
    .port_info 2 /INPUT 1 "cin";
    .port_info 3 /OUTPUT 1 "sum";
    .port_info 4 /OUTPUT 1 "cout";
L_00000272D1383F50 .functor XOR 1, L_00000272D143FE10, L_00000272D14410D0, C4<0>, C4<0>;
L_00000272D1383930 .functor XOR 1, L_00000272D1383F50, L_00000272D14401D0, C4<0>, C4<0>;
L_00000272D12D0C40 .functor AND 1, L_00000272D143FE10, L_00000272D14410D0, C4<1>, C4<1>;
L_00000272D1455C70 .functor XOR 1, L_00000272D143FE10, L_00000272D14410D0, C4<0>, C4<0>;
L_00000272D1456530 .functor AND 1, L_00000272D14401D0, L_00000272D1455C70, C4<1>, C4<1>;
L_00000272D14558F0 .functor OR 1, L_00000272D12D0C40, L_00000272D1456530, C4<0>, C4<0>;
v00000272D14174E0_0 .net *"_ivl_0", 0 0, L_00000272D1383F50;  1 drivers
v00000272D14171C0_0 .net *"_ivl_4", 0 0, L_00000272D12D0C40;  1 drivers
v00000272D1417300_0 .net *"_ivl_6", 0 0, L_00000272D1455C70;  1 drivers
v00000272D1416EA0_0 .net *"_ivl_8", 0 0, L_00000272D1456530;  1 drivers
v00000272D14165E0_0 .net "a", 0 0, L_00000272D143FE10;  1 drivers
v00000272D1416F40_0 .net "b", 0 0, L_00000272D14410D0;  1 drivers
v00000272D14178A0_0 .net "cin", 0 0, L_00000272D14401D0;  1 drivers
v00000272D1416FE0_0 .net "cout", 0 0, L_00000272D14558F0;  1 drivers
v00000272D1418020_0 .net "sum", 0 0, L_00000272D1383930;  1 drivers
S_00000272D1418D70 .scope generate, "fa_loop[7]" "fa_loop[7]" 5 19, 5 19 0, S_00000272D140F520;
 .timescale -9 -12;
P_00000272D137AED0 .param/l "i" 1 5 19, +C4<0111>;
S_00000272D141A350 .scope module, "fa" "full_adder" 5 20, 6 1 0, S_00000272D1418D70;
 .timescale -9 -12;
    .port_info 0 /INPUT 1 "a";
    .port_info 1 /INPUT 1 "b";
    .port_info 2 /INPUT 1 "cin";
    .port_info 3 /OUTPUT 1 "sum";
    .port_info 4 /OUTPUT 1 "cout";
L_00000272D1455B20 .functor XOR 1, L_00000272D1440090, L_00000272D1440770, C4<0>, C4<0>;
L_00000272D1454C40 .functor XOR 1, L_00000272D1455B20, L_00000272D143EAB0, C4<0>, C4<0>;
L_00000272D1454CB0 .functor AND 1, L_00000272D1440090, L_00000272D1440770, C4<1>, C4<1>;
L_00000272D1456290 .functor XOR 1, L_00000272D1440090, L_00000272D1440770, C4<0>, C4<0>;
L_00000272D1454E00 .functor AND 1, L_00000272D143EAB0, L_00000272D1456290, C4<1>, C4<1>;
L_00000272D1456370 .functor OR 1, L_00000272D1454CB0, L_00000272D1454E00, C4<0>, C4<0>;
v00000272D1415DC0_0 .net *"_ivl_0", 0 0, L_00000272D1455B20;  1 drivers
v00000272D1417DA0_0 .net *"_ivl_4", 0 0, L_00000272D1454CB0;  1 drivers
v00000272D1415E60_0 .net *"_ivl_6", 0 0, L_00000272D1456290;  1 drivers
v00000272D1417F80_0 .net *"_ivl_8", 0 0, L_00000272D1454E00;  1 drivers
v00000272D1417260_0 .net "a", 0 0, L_00000272D1440090;  1 drivers
v00000272D14169A0_0 .net "b", 0 0, L_00000272D1440770;  1 drivers
v00000272D1417B20_0 .net "cin", 0 0, L_00000272D143EAB0;  1 drivers
v00000272D1417BC0_0 .net "cout", 0 0, L_00000272D1456370;  1 drivers
v00000272D1415AA0_0 .net "sum", 0 0, L_00000272D1454C40;  1 drivers
S_00000272D141A1C0 .scope generate, "fa_loop[8]" "fa_loop[8]" 5 19, 5 19 0, S_00000272D140F520;
 .timescale -9 -12;
P_00000272D137A490 .param/l "i" 1 5 19, +C4<01000>;
S_00000272D1419D10 .scope module, "fa" "full_adder" 5 20, 6 1 0, S_00000272D141A1C0;
 .timescale -9 -12;
    .port_info 0 /INPUT 1 "a";
    .port_info 1 /INPUT 1 "b";
    .port_info 2 /INPUT 1 "cin";
    .port_info 3 /OUTPUT 1 "sum";
    .port_info 4 /OUTPUT 1 "cout";
L_00000272D1455490 .functor XOR 1, L_00000272D1440270, L_00000272D1440A90, C4<0>, C4<0>;
L_00000272D1455570 .functor XOR 1, L_00000272D1455490, L_00000272D143EE70, C4<0>, C4<0>;
L_00000272D1454AF0 .functor AND 1, L_00000272D1440270, L_00000272D1440A90, C4<1>, C4<1>;
L_00000272D1454D20 .functor XOR 1, L_00000272D1440270, L_00000272D1440A90, C4<0>, C4<0>;
L_00000272D1455EA0 .functor AND 1, L_00000272D143EE70, L_00000272D1454D20, C4<1>, C4<1>;
L_00000272D14563E0 .functor OR 1, L_00000272D1454AF0, L_00000272D1455EA0, C4<0>, C4<0>;
v00000272D1415960_0 .net *"_ivl_0", 0 0, L_00000272D1455490;  1 drivers
v00000272D1417C60_0 .net *"_ivl_4", 0 0, L_00000272D1454AF0;  1 drivers
v00000272D1417D00_0 .net *"_ivl_6", 0 0, L_00000272D1454D20;  1 drivers
v00000272D1417580_0 .net *"_ivl_8", 0 0, L_00000272D1455EA0;  1 drivers
v00000272D1415F00_0 .net "a", 0 0, L_00000272D1440270;  1 drivers
v00000272D1415C80_0 .net "b", 0 0, L_00000272D1440A90;  1 drivers
v00000272D1417080_0 .net "cin", 0 0, L_00000272D143EE70;  1 drivers
v00000272D1415A00_0 .net "cout", 0 0, L_00000272D14563E0;  1 drivers
v00000272D1415B40_0 .net "sum", 0 0, L_00000272D1455570;  1 drivers
S_00000272D141A4E0 .scope generate, "fa_loop[9]" "fa_loop[9]" 5 19, 5 19 0, S_00000272D140F520;
 .timescale -9 -12;
P_00000272D137A450 .param/l "i" 1 5 19, +C4<01001>;
S_00000272D1419EA0 .scope module, "fa" "full_adder" 5 20, 6 1 0, S_00000272D141A4E0;
 .timescale -9 -12;
    .port_info 0 /INPUT 1 "a";
    .port_info 1 /INPUT 1 "b";
    .port_info 2 /INPUT 1 "cin";
    .port_info 3 /OUTPUT 1 "sum";
    .port_info 4 /OUTPUT 1 "cout";
L_00000272D14559D0 .functor XOR 1, L_00000272D1440B30, L_00000272D143F050, C4<0>, C4<0>;
L_00000272D1454D90 .functor XOR 1, L_00000272D14559D0, L_00000272D14403B0, C4<0>, C4<0>;
L_00000272D1455FF0 .functor AND 1, L_00000272D1440B30, L_00000272D143F050, C4<1>, C4<1>;
L_00000272D1455420 .functor XOR 1, L_00000272D1440B30, L_00000272D143F050, C4<0>, C4<0>;
L_00000272D1456300 .functor AND 1, L_00000272D14403B0, L_00000272D1455420, C4<1>, C4<1>;
L_00000272D1455F10 .functor OR 1, L_00000272D1455FF0, L_00000272D1456300, C4<0>, C4<0>;
v00000272D1415BE0_0 .net *"_ivl_0", 0 0, L_00000272D14559D0;  1 drivers
v00000272D1417120_0 .net *"_ivl_4", 0 0, L_00000272D1455FF0;  1 drivers
v00000272D1415D20_0 .net *"_ivl_6", 0 0, L_00000272D1455420;  1 drivers
v00000272D1417620_0 .net *"_ivl_8", 0 0, L_00000272D1456300;  1 drivers
v00000272D1415FA0_0 .net "a", 0 0, L_00000272D1440B30;  1 drivers
v00000272D1416040_0 .net "b", 0 0, L_00000272D143F050;  1 drivers
v00000272D14160E0_0 .net "cin", 0 0, L_00000272D14403B0;  1 drivers
v00000272D1416360_0 .net "cout", 0 0, L_00000272D1455F10;  1 drivers
v00000272D1416220_0 .net "sum", 0 0, L_00000272D1454D90;  1 drivers
S_00000272D1418A50 .scope generate, "fa_loop[10]" "fa_loop[10]" 5 19, 5 19 0, S_00000272D140F520;
 .timescale -9 -12;
P_00000272D137ABD0 .param/l "i" 1 5 19, +C4<01010>;
S_00000272D1418BE0 .scope module, "fa" "full_adder" 5 20, 6 1 0, S_00000272D1418A50;
 .timescale -9 -12;
    .port_info 0 /INPUT 1 "a";
    .port_info 1 /INPUT 1 "b";
    .port_info 2 /INPUT 1 "cin";
    .port_info 3 /OUTPUT 1 "sum";
    .port_info 4 /OUTPUT 1 "cout";
L_00000272D1455F80 .functor XOR 1, L_00000272D1440BD0, L_00000272D143F0F0, C4<0>, C4<0>;
L_00000272D1455340 .functor XOR 1, L_00000272D1455F80, L_00000272D1440450, C4<0>, C4<0>;
L_00000272D1456450 .functor AND 1, L_00000272D1440BD0, L_00000272D143F0F0, C4<1>, C4<1>;
L_00000272D14552D0 .functor XOR 1, L_00000272D1440BD0, L_00000272D143F0F0, C4<0>, C4<0>;
L_00000272D1454E70 .functor AND 1, L_00000272D1440450, L_00000272D14552D0, C4<1>, C4<1>;
L_00000272D1455880 .functor OR 1, L_00000272D1456450, L_00000272D1454E70, C4<0>, C4<0>;
v00000272D1418480_0 .net *"_ivl_0", 0 0, L_00000272D1455F80;  1 drivers
v00000272D1418700_0 .net *"_ivl_4", 0 0, L_00000272D1456450;  1 drivers
v00000272D1418660_0 .net *"_ivl_6", 0 0, L_00000272D14552D0;  1 drivers
v00000272D14187A0_0 .net *"_ivl_8", 0 0, L_00000272D1454E70;  1 drivers
v00000272D1418520_0 .net "a", 0 0, L_00000272D1440BD0;  1 drivers
v00000272D14182A0_0 .net "b", 0 0, L_00000272D143F0F0;  1 drivers
v00000272D14180C0_0 .net "cin", 0 0, L_00000272D1440450;  1 drivers
v00000272D14185C0_0 .net "cout", 0 0, L_00000272D1455880;  1 drivers
v00000272D1418160_0 .net "sum", 0 0, L_00000272D1455340;  1 drivers
S_00000272D1419540 .scope generate, "fa_loop[11]" "fa_loop[11]" 5 19, 5 19 0, S_00000272D140F520;
 .timescale -9 -12;
P_00000272D137A190 .param/l "i" 1 5 19, +C4<01011>;
S_00000272D14193B0 .scope module, "fa" "full_adder" 5 20, 6 1 0, S_00000272D1419540;
 .timescale -9 -12;
    .port_info 0 /INPUT 1 "a";
    .port_info 1 /INPUT 1 "b";
    .port_info 2 /INPUT 1 "cin";
    .port_info 3 /OUTPUT 1 "sum";
    .port_info 4 /OUTPUT 1 "cout";
L_00000272D1456060 .functor XOR 1, L_00000272D14404F0, L_00000272D143F190, C4<0>, C4<0>;
L_00000272D14564C0 .functor XOR 1, L_00000272D1456060, L_00000272D143F690, C4<0>, C4<0>;
L_00000272D1454A10 .functor AND 1, L_00000272D14404F0, L_00000272D143F190, C4<1>, C4<1>;
L_00000272D1454BD0 .functor XOR 1, L_00000272D14404F0, L_00000272D143F190, C4<0>, C4<0>;
L_00000272D14549A0 .functor AND 1, L_00000272D143F690, L_00000272D1454BD0, C4<1>, C4<1>;
L_00000272D1454A80 .functor OR 1, L_00000272D1454A10, L_00000272D14549A0, C4<0>, C4<0>;
v00000272D1418340_0 .net *"_ivl_0", 0 0, L_00000272D1456060;  1 drivers
v00000272D1418200_0 .net *"_ivl_4", 0 0, L_00000272D1454A10;  1 drivers
v00000272D14183E0_0 .net *"_ivl_6", 0 0, L_00000272D1454BD0;  1 drivers
v00000272D1411900_0 .net *"_ivl_8", 0 0, L_00000272D14549A0;  1 drivers
v00000272D1412620_0 .net "a", 0 0, L_00000272D14404F0;  1 drivers
v00000272D1412EE0_0 .net "b", 0 0, L_00000272D143F190;  1 drivers
v00000272D1412300_0 .net "cin", 0 0, L_00000272D143F690;  1 drivers
v00000272D1411220_0 .net "cout", 0 0, L_00000272D1454A80;  1 drivers
v00000272D1411180_0 .net "sum", 0 0, L_00000272D14564C0;  1 drivers
S_00000272D141A030 .scope generate, "fa_loop[12]" "fa_loop[12]" 5 19, 5 19 0, S_00000272D140F520;
 .timescale -9 -12;
P_00000272D137AE90 .param/l "i" 1 5 19, +C4<01100>;
S_00000272D141A670 .scope module, "fa" "full_adder" 5 20, 6 1 0, S_00000272D141A030;
 .timescale -9 -12;
    .port_info 0 /INPUT 1 "a";
    .port_info 1 /INPUT 1 "b";
    .port_info 2 /INPUT 1 "cin";
    .port_info 3 /OUTPUT 1 "sum";
    .port_info 4 /OUTPUT 1 "cout";
L_00000272D1455D50 .functor XOR 1, L_00000272D143F230, L_00000272D143F2D0, C4<0>, C4<0>;
L_00000272D14560D0 .functor XOR 1, L_00000272D1455D50, L_00000272D14424D0, C4<0>, C4<0>;
L_00000272D14550A0 .functor AND 1, L_00000272D143F230, L_00000272D143F2D0, C4<1>, C4<1>;
L_00000272D1455500 .functor XOR 1, L_00000272D143F230, L_00000272D143F2D0, C4<0>, C4<0>;
L_00000272D1455180 .functor AND 1, L_00000272D14424D0, L_00000272D1455500, C4<1>, C4<1>;
L_00000272D1454FC0 .functor OR 1, L_00000272D14550A0, L_00000272D1455180, C4<0>, C4<0>;
v00000272D1412C60_0 .net *"_ivl_0", 0 0, L_00000272D1455D50;  1 drivers
v00000272D14124E0_0 .net *"_ivl_4", 0 0, L_00000272D14550A0;  1 drivers
v00000272D1411FE0_0 .net *"_ivl_6", 0 0, L_00000272D1455500;  1 drivers
v00000272D1410DC0_0 .net *"_ivl_8", 0 0, L_00000272D1455180;  1 drivers
v00000272D1410C80_0 .net "a", 0 0, L_00000272D143F230;  1 drivers
v00000272D1411AE0_0 .net "b", 0 0, L_00000272D143F2D0;  1 drivers
v00000272D14128A0_0 .net "cin", 0 0, L_00000272D14424D0;  1 drivers
v00000272D1412BC0_0 .net "cout", 0 0, L_00000272D1454FC0;  1 drivers
v00000272D1411CC0_0 .net "sum", 0 0, L_00000272D14560D0;  1 drivers
S_00000272D14196D0 .scope generate, "fa_loop[13]" "fa_loop[13]" 5 19, 5 19 0, S_00000272D140F520;
 .timescale -9 -12;
P_00000272D137ADD0 .param/l "i" 1 5 19, +C4<01101>;
S_00000272D1418F00 .scope module, "fa" "full_adder" 5 20, 6 1 0, S_00000272D14196D0;
 .timescale -9 -12;
    .port_info 0 /INPUT 1 "a";
    .port_info 1 /INPUT 1 "b";
    .port_info 2 /INPUT 1 "cin";
    .port_info 3 /OUTPUT 1 "sum";
    .port_info 4 /OUTPUT 1 "cout";
L_00000272D1456140 .functor XOR 1, L_00000272D1441670, L_00000272D14430B0, C4<0>, C4<0>;
L_00000272D14555E0 .functor XOR 1, L_00000272D1456140, L_00000272D1443650, C4<0>, C4<0>;
L_00000272D1455650 .functor AND 1, L_00000272D1441670, L_00000272D14430B0, C4<1>, C4<1>;
L_00000272D14551F0 .functor XOR 1, L_00000272D1441670, L_00000272D14430B0, C4<0>, C4<0>;
L_00000272D1454EE0 .functor AND 1, L_00000272D1443650, L_00000272D14551F0, C4<1>, C4<1>;
L_00000272D1454B60 .functor OR 1, L_00000272D1455650, L_00000272D1454EE0, C4<0>, C4<0>;
v00000272D14119A0_0 .net *"_ivl_0", 0 0, L_00000272D1456140;  1 drivers
v00000272D1412800_0 .net *"_ivl_4", 0 0, L_00000272D1455650;  1 drivers
v00000272D1411E00_0 .net *"_ivl_6", 0 0, L_00000272D14551F0;  1 drivers
v00000272D1411B80_0 .net *"_ivl_8", 0 0, L_00000272D1454EE0;  1 drivers
v00000272D1410E60_0 .net "a", 0 0, L_00000272D1441670;  1 drivers
v00000272D1411720_0 .net "b", 0 0, L_00000272D14430B0;  1 drivers
v00000272D1412E40_0 .net "cin", 0 0, L_00000272D1443650;  1 drivers
v00000272D1412B20_0 .net "cout", 0 0, L_00000272D1454B60;  1 drivers
v00000272D14112C0_0 .net "sum", 0 0, L_00000272D14555E0;  1 drivers
S_00000272D1419090 .scope generate, "fa_loop[14]" "fa_loop[14]" 5 19, 5 19 0, S_00000272D140F520;
 .timescale -9 -12;
P_00000272D137AC50 .param/l "i" 1 5 19, +C4<01110>;
S_00000272D141B6E0 .scope module, "fa" "full_adder" 5 20, 6 1 0, S_00000272D1419090;
 .timescale -9 -12;
    .port_info 0 /INPUT 1 "a";
    .port_info 1 /INPUT 1 "b";
    .port_info 2 /INPUT 1 "cin";
    .port_info 3 /OUTPUT 1 "sum";
    .port_info 4 /OUTPUT 1 "cout";
L_00000272D1454F50 .functor XOR 1, L_00000272D1442890, L_00000272D1442390, C4<0>, C4<0>;
L_00000272D1455960 .functor XOR 1, L_00000272D1454F50, L_00000272D14429D0, C4<0>, C4<0>;
L_00000272D14556C0 .functor AND 1, L_00000272D1442890, L_00000272D1442390, C4<1>, C4<1>;
L_00000272D1455030 .functor XOR 1, L_00000272D1442890, L_00000272D1442390, C4<0>, C4<0>;
L_00000272D14553B0 .functor AND 1, L_00000272D14429D0, L_00000272D1455030, C4<1>, C4<1>;
L_00000272D1455730 .functor OR 1, L_00000272D14556C0, L_00000272D14553B0, C4<0>, C4<0>;
v00000272D1412D00_0 .net *"_ivl_0", 0 0, L_00000272D1454F50;  1 drivers
v00000272D1410AA0_0 .net *"_ivl_4", 0 0, L_00000272D14556C0;  1 drivers
v00000272D14110E0_0 .net *"_ivl_6", 0 0, L_00000272D1455030;  1 drivers
v00000272D1411680_0 .net *"_ivl_8", 0 0, L_00000272D14553B0;  1 drivers
v00000272D1410960_0 .net "a", 0 0, L_00000272D1442890;  1 drivers
v00000272D1411400_0 .net "b", 0 0, L_00000272D1442390;  1 drivers
v00000272D1412DA0_0 .net "cin", 0 0, L_00000272D14429D0;  1 drivers
v00000272D14123A0_0 .net "cout", 0 0, L_00000272D1455730;  1 drivers
v00000272D1412080_0 .net "sum", 0 0, L_00000272D1455960;  1 drivers
S_00000272D141B550 .scope generate, "fa_loop[15]" "fa_loop[15]" 5 19, 5 19 0, S_00000272D140F520;
 .timescale -9 -12;
P_00000272D137AFD0 .param/l "i" 1 5 19, +C4<01111>;
S_00000272D141AA60 .scope module, "fa" "full_adder" 5 20, 6 1 0, S_00000272D141B550;
 .timescale -9 -12;
    .port_info 0 /INPUT 1 "a";
    .port_info 1 /INPUT 1 "b";
    .port_info 2 /INPUT 1 "cin";
    .port_info 3 /OUTPUT 1 "sum";
    .port_info 4 /OUTPUT 1 "cout";
L_00000272D14561B0 .functor XOR 1, L_00000272D1442250, L_00000272D1441AD0, C4<0>, C4<0>;
L_00000272D1456220 .functor XOR 1, L_00000272D14561B0, L_00000272D1441850, C4<0>, C4<0>;
L_00000272D1455110 .functor AND 1, L_00000272D1442250, L_00000272D1441AD0, C4<1>, C4<1>;
L_00000272D14557A0 .functor XOR 1, L_00000272D1442250, L_00000272D1441AD0, C4<0>, C4<0>;
L_00000272D1455260 .functor AND 1, L_00000272D1441850, L_00000272D14557A0, C4<1>, C4<1>;
L_00000272D1455810 .functor OR 1, L_00000272D1455110, L_00000272D1455260, C4<0>, C4<0>;
v00000272D1410F00_0 .net *"_ivl_0", 0 0, L_00000272D14561B0;  1 drivers
v00000272D14115E0_0 .net *"_ivl_4", 0 0, L_00000272D1455110;  1 drivers
v00000272D1412F80_0 .net *"_ivl_6", 0 0, L_00000272D14557A0;  1 drivers
v00000272D1411EA0_0 .net *"_ivl_8", 0 0, L_00000272D1455260;  1 drivers
v00000272D1412440_0 .net "a", 0 0, L_00000272D1442250;  1 drivers
v00000272D14108C0_0 .net "b", 0 0, L_00000272D1441AD0;  1 drivers
v00000272D1411A40_0 .net "cin", 0 0, L_00000272D1441850;  1 drivers
v00000272D1410A00_0 .net "cout", 0 0, L_00000272D1455810;  1 drivers
v00000272D1411F40_0 .net "sum", 0 0, L_00000272D1456220;  1 drivers
S_00000272D141BD20 .scope generate, "fa_loop[16]" "fa_loop[16]" 5 19, 5 19 0, S_00000272D140F520;
 .timescale -9 -12;
P_00000272D137A410 .param/l "i" 1 5 19, +C4<010000>;
S_00000272D141C360 .scope module, "fa" "full_adder" 5 20, 6 1 0, S_00000272D141BD20;
 .timescale -9 -12;
    .port_info 0 /INPUT 1 "a";
    .port_info 1 /INPUT 1 "b";
    .port_info 2 /INPUT 1 "cin";
    .port_info 3 /OUTPUT 1 "sum";
    .port_info 4 /OUTPUT 1 "cout";
L_00000272D1455A40 .functor XOR 1, L_00000272D1443510, L_00000272D1442E30, C4<0>, C4<0>;
L_00000272D1455AB0 .functor XOR 1, L_00000272D1455A40, L_00000272D1442C50, C4<0>, C4<0>;
L_00000272D1455B90 .functor AND 1, L_00000272D1443510, L_00000272D1442E30, C4<1>, C4<1>;
L_00000272D1455C00 .functor XOR 1, L_00000272D1443510, L_00000272D1442E30, C4<0>, C4<0>;
L_00000272D1455CE0 .functor AND 1, L_00000272D1442C50, L_00000272D1455C00, C4<1>, C4<1>;
L_00000272D1455DC0 .functor OR 1, L_00000272D1455B90, L_00000272D1455CE0, C4<0>, C4<0>;
v00000272D14121C0_0 .net *"_ivl_0", 0 0, L_00000272D1455A40;  1 drivers
v00000272D1411360_0 .net *"_ivl_4", 0 0, L_00000272D1455B90;  1 drivers
v00000272D14114A0_0 .net *"_ivl_6", 0 0, L_00000272D1455C00;  1 drivers
v00000272D1410D20_0 .net *"_ivl_8", 0 0, L_00000272D1455CE0;  1 drivers
v00000272D14129E0_0 .net "a", 0 0, L_00000272D1443510;  1 drivers
v00000272D1413020_0 .net "b", 0 0, L_00000272D1442E30;  1 drivers
v00000272D1412580_0 .net "cin", 0 0, L_00000272D1442C50;  1 drivers
v00000272D1410FA0_0 .net "cout", 0 0, L_00000272D1455DC0;  1 drivers
v00000272D1411040_0 .net "sum", 0 0, L_00000272D1455AB0;  1 drivers
S_00000272D141ABF0 .scope generate, "fa_loop[17]" "fa_loop[17]" 5 19, 5 19 0, S_00000272D140F520;
 .timescale -9 -12;
P_00000272D137B110 .param/l "i" 1 5 19, +C4<010001>;
S_00000272D141B870 .scope module, "fa" "full_adder" 5 20, 6 1 0, S_00000272D141ABF0;
 .timescale -9 -12;
    .port_info 0 /INPUT 1 "a";
    .port_info 1 /INPUT 1 "b";
    .port_info 2 /INPUT 1 "cin";
    .port_info 3 /OUTPUT 1 "sum";
    .port_info 4 /OUTPUT 1 "cout";
L_00000272D1455E30 .functor XOR 1, L_00000272D14433D0, L_00000272D14421B0, C4<0>, C4<0>;
L_00000272D1456AE0 .functor XOR 1, L_00000272D1455E30, L_00000272D1443290, C4<0>, C4<0>;
L_00000272D1457330 .functor AND 1, L_00000272D14433D0, L_00000272D14421B0, C4<1>, C4<1>;
L_00000272D1457E20 .functor XOR 1, L_00000272D14433D0, L_00000272D14421B0, C4<0>, C4<0>;
L_00000272D1457AA0 .functor AND 1, L_00000272D1443290, L_00000272D1457E20, C4<1>, C4<1>;
L_00000272D1457170 .functor OR 1, L_00000272D1457330, L_00000272D1457AA0, C4<0>, C4<0>;
v00000272D1411540_0 .net *"_ivl_0", 0 0, L_00000272D1455E30;  1 drivers
v00000272D14117C0_0 .net *"_ivl_4", 0 0, L_00000272D1457330;  1 drivers
v00000272D1411860_0 .net *"_ivl_6", 0 0, L_00000272D1457E20;  1 drivers
v00000272D1411C20_0 .net *"_ivl_8", 0 0, L_00000272D1457AA0;  1 drivers
v00000272D1411D60_0 .net "a", 0 0, L_00000272D14433D0;  1 drivers
v00000272D14126C0_0 .net "b", 0 0, L_00000272D14421B0;  1 drivers
v00000272D1412760_0 .net "cin", 0 0, L_00000272D1443290;  1 drivers
v00000272D1412940_0 .net "cout", 0 0, L_00000272D1457170;  1 drivers
v00000272D1410B40_0 .net "sum", 0 0, L_00000272D1456AE0;  1 drivers
S_00000272D141C040 .scope generate, "fa_loop[18]" "fa_loop[18]" 5 19, 5 19 0, S_00000272D140F520;
 .timescale -9 -12;
P_00000272D137AB50 .param/l "i" 1 5 19, +C4<010010>;
S_00000272D141BA00 .scope module, "fa" "full_adder" 5 20, 6 1 0, S_00000272D141C040;
 .timescale -9 -12;
    .port_info 0 /INPUT 1 "a";
    .port_info 1 /INPUT 1 "b";
    .port_info 2 /INPUT 1 "cin";
    .port_info 3 /OUTPUT 1 "sum";
    .port_info 4 /OUTPUT 1 "cout";
L_00000272D1458050 .functor XOR 1, L_00000272D1441E90, L_00000272D1442930, C4<0>, C4<0>;
L_00000272D1456A00 .functor XOR 1, L_00000272D1458050, L_00000272D1441350, C4<0>, C4<0>;
L_00000272D1457F70 .functor AND 1, L_00000272D1441E90, L_00000272D1442930, C4<1>, C4<1>;
L_00000272D1457020 .functor XOR 1, L_00000272D1441E90, L_00000272D1442930, C4<0>, C4<0>;
L_00000272D14565A0 .functor AND 1, L_00000272D1441350, L_00000272D1457020, C4<1>, C4<1>;
L_00000272D1456840 .functor OR 1, L_00000272D1457F70, L_00000272D14565A0, C4<0>, C4<0>;
v00000272D1412120_0 .net *"_ivl_0", 0 0, L_00000272D1458050;  1 drivers
v00000272D1410BE0_0 .net *"_ivl_4", 0 0, L_00000272D1457F70;  1 drivers
v00000272D1412260_0 .net *"_ivl_6", 0 0, L_00000272D1457020;  1 drivers
v00000272D1412A80_0 .net *"_ivl_8", 0 0, L_00000272D14565A0;  1 drivers
v00000272D1426F50_0 .net "a", 0 0, L_00000272D1441E90;  1 drivers
v00000272D1428990_0 .net "b", 0 0, L_00000272D1442930;  1 drivers
v00000272D1428C10_0 .net "cin", 0 0, L_00000272D1441350;  1 drivers
v00000272D1427E50_0 .net "cout", 0 0, L_00000272D1456840;  1 drivers
v00000272D14278B0_0 .net "sum", 0 0, L_00000272D1456A00;  1 drivers
S_00000272D141C1D0 .scope generate, "fa_loop[19]" "fa_loop[19]" 5 19, 5 19 0, S_00000272D140F520;
 .timescale -9 -12;
P_00000272D137A290 .param/l "i" 1 5 19, +C4<010011>;
S_00000272D141BB90 .scope module, "fa" "full_adder" 5 20, 6 1 0, S_00000272D141C1D0;
 .timescale -9 -12;
    .port_info 0 /INPUT 1 "a";
    .port_info 1 /INPUT 1 "b";
    .port_info 2 /INPUT 1 "cin";
    .port_info 3 /OUTPUT 1 "sum";
    .port_info 4 /OUTPUT 1 "cout";
L_00000272D1457950 .functor XOR 1, L_00000272D1441B70, L_00000272D1442430, C4<0>, C4<0>;
L_00000272D1456B50 .functor XOR 1, L_00000272D1457950, L_00000272D1443150, C4<0>, C4<0>;
L_00000272D14576B0 .functor AND 1, L_00000272D1441B70, L_00000272D1442430, C4<1>, C4<1>;
L_00000272D1457E90 .functor XOR 1, L_00000272D1441B70, L_00000272D1442430, C4<0>, C4<0>;
L_00000272D14579C0 .functor AND 1, L_00000272D1443150, L_00000272D1457E90, C4<1>, C4<1>;
L_00000272D1456C30 .functor OR 1, L_00000272D14576B0, L_00000272D14579C0, C4<0>, C4<0>;
v00000272D14269B0_0 .net *"_ivl_0", 0 0, L_00000272D1457950;  1 drivers
v00000272D14285D0_0 .net *"_ivl_4", 0 0, L_00000272D14576B0;  1 drivers
v00000272D1426D70_0 .net *"_ivl_6", 0 0, L_00000272D1457E90;  1 drivers
v00000272D1428170_0 .net *"_ivl_8", 0 0, L_00000272D14579C0;  1 drivers
v00000272D1428350_0 .net "a", 0 0, L_00000272D1441B70;  1 drivers
v00000272D1427A90_0 .net "b", 0 0, L_00000272D1442430;  1 drivers
v00000272D1427090_0 .net "cin", 0 0, L_00000272D1443150;  1 drivers
v00000272D1428210_0 .net "cout", 0 0, L_00000272D1456C30;  1 drivers
v00000272D1427B30_0 .net "sum", 0 0, L_00000272D1456B50;  1 drivers
S_00000272D141C4F0 .scope generate, "fa_loop[20]" "fa_loop[20]" 5 19, 5 19 0, S_00000272D140F520;
 .timescale -9 -12;
P_00000272D137A310 .param/l "i" 1 5 19, +C4<010100>;
S_00000272D141BEB0 .scope module, "fa" "full_adder" 5 20, 6 1 0, S_00000272D141C4F0;
 .timescale -9 -12;
    .port_info 0 /INPUT 1 "a";
    .port_info 1 /INPUT 1 "b";
    .port_info 2 /INPUT 1 "cin";
    .port_info 3 /OUTPUT 1 "sum";
    .port_info 4 /OUTPUT 1 "cout";
L_00000272D1457B10 .functor XOR 1, L_00000272D1441C10, L_00000272D1442570, C4<0>, C4<0>;
L_00000272D14574F0 .functor XOR 1, L_00000272D1457B10, L_00000272D14422F0, C4<0>, C4<0>;
L_00000272D1456A70 .functor AND 1, L_00000272D1441C10, L_00000272D1442570, C4<1>, C4<1>;
L_00000272D1456D80 .functor XOR 1, L_00000272D1441C10, L_00000272D1442570, C4<0>, C4<0>;
L_00000272D1456BC0 .functor AND 1, L_00000272D14422F0, L_00000272D1456D80, C4<1>, C4<1>;
L_00000272D14573A0 .functor OR 1, L_00000272D1456A70, L_00000272D1456BC0, C4<0>, C4<0>;
v00000272D14283F0_0 .net *"_ivl_0", 0 0, L_00000272D1457B10;  1 drivers
v00000272D14271D0_0 .net *"_ivl_4", 0 0, L_00000272D1456A70;  1 drivers
v00000272D1428AD0_0 .net *"_ivl_6", 0 0, L_00000272D1456D80;  1 drivers
v00000272D14276D0_0 .net *"_ivl_8", 0 0, L_00000272D1456BC0;  1 drivers
v00000272D1428A30_0 .net "a", 0 0, L_00000272D1441C10;  1 drivers
v00000272D1428490_0 .net "b", 0 0, L_00000272D1442570;  1 drivers
v00000272D1427C70_0 .net "cin", 0 0, L_00000272D14422F0;  1 drivers
v00000272D1426FF0_0 .net "cout", 0 0, L_00000272D14573A0;  1 drivers
v00000272D1426AF0_0 .net "sum", 0 0, L_00000272D14574F0;  1 drivers
S_00000272D141C680 .scope generate, "fa_loop[21]" "fa_loop[21]" 5 19, 5 19 0, S_00000272D140F520;
 .timescale -9 -12;
P_00000272D137A850 .param/l "i" 1 5 19, +C4<010101>;
S_00000272D141A8D0 .scope module, "fa" "full_adder" 5 20, 6 1 0, S_00000272D141C680;
 .timescale -9 -12;
    .port_info 0 /INPUT 1 "a";
    .port_info 1 /INPUT 1 "b";
    .port_info 2 /INPUT 1 "cin";
    .port_info 3 /OUTPUT 1 "sum";
    .port_info 4 /OUTPUT 1 "cout";
L_00000272D1456990 .functor XOR 1, L_00000272D1441FD0, L_00000272D14413F0, C4<0>, C4<0>;
L_00000272D1457100 .functor XOR 1, L_00000272D1456990, L_00000272D1441490, C4<0>, C4<0>;
L_00000272D1457A30 .functor AND 1, L_00000272D1441FD0, L_00000272D14413F0, C4<1>, C4<1>;
L_00000272D14568B0 .functor XOR 1, L_00000272D1441FD0, L_00000272D14413F0, C4<0>, C4<0>;
L_00000272D1457F00 .functor AND 1, L_00000272D1441490, L_00000272D14568B0, C4<1>, C4<1>;
L_00000272D1457480 .functor OR 1, L_00000272D1457A30, L_00000272D1457F00, C4<0>, C4<0>;
v00000272D14282B0_0 .net *"_ivl_0", 0 0, L_00000272D1456990;  1 drivers
v00000272D1428CB0_0 .net *"_ivl_4", 0 0, L_00000272D1457A30;  1 drivers
v00000272D1427130_0 .net *"_ivl_6", 0 0, L_00000272D14568B0;  1 drivers
v00000272D1428850_0 .net *"_ivl_8", 0 0, L_00000272D1457F00;  1 drivers
v00000272D1428B70_0 .net "a", 0 0, L_00000272D1441FD0;  1 drivers
v00000272D1426EB0_0 .net "b", 0 0, L_00000272D14413F0;  1 drivers
v00000272D1428530_0 .net "cin", 0 0, L_00000272D1441490;  1 drivers
v00000272D1428FD0_0 .net "cout", 0 0, L_00000272D1457480;  1 drivers
v00000272D1427270_0 .net "sum", 0 0, L_00000272D1457100;  1 drivers
S_00000272D141AD80 .scope generate, "fa_loop[22]" "fa_loop[22]" 5 19, 5 19 0, S_00000272D140F520;
 .timescale -9 -12;
P_00000272D137A6D0 .param/l "i" 1 5 19, +C4<010110>;
S_00000272D141AF10 .scope module, "fa" "full_adder" 5 20, 6 1 0, S_00000272D141AD80;
 .timescale -9 -12;
    .port_info 0 /INPUT 1 "a";
    .port_info 1 /INPUT 1 "b";
    .port_info 2 /INPUT 1 "cin";
    .port_info 3 /OUTPUT 1 "sum";
    .port_info 4 /OUTPUT 1 "cout";
L_00000272D1457B80 .functor XOR 1, L_00000272D1441CB0, L_00000272D1443470, C4<0>, C4<0>;
L_00000272D1456DF0 .functor XOR 1, L_00000272D1457B80, L_00000272D1442610, C4<0>, C4<0>;
L_00000272D1457BF0 .functor AND 1, L_00000272D1441CB0, L_00000272D1443470, C4<1>, C4<1>;
L_00000272D1457FE0 .functor XOR 1, L_00000272D1441CB0, L_00000272D1443470, C4<0>, C4<0>;
L_00000272D14566F0 .functor AND 1, L_00000272D1442610, L_00000272D1457FE0, C4<1>, C4<1>;
L_00000272D1456CA0 .functor OR 1, L_00000272D1457BF0, L_00000272D14566F0, C4<0>, C4<0>;
v00000272D1428670_0 .net *"_ivl_0", 0 0, L_00000272D1457B80;  1 drivers
v00000272D1428030_0 .net *"_ivl_4", 0 0, L_00000272D1457BF0;  1 drivers
v00000272D1428710_0 .net *"_ivl_6", 0 0, L_00000272D1457FE0;  1 drivers
v00000272D14288F0_0 .net *"_ivl_8", 0 0, L_00000272D14566F0;  1 drivers
v00000272D1428D50_0 .net "a", 0 0, L_00000272D1441CB0;  1 drivers
v00000272D14287B0_0 .net "b", 0 0, L_00000272D1443470;  1 drivers
v00000272D1427310_0 .net "cin", 0 0, L_00000272D1442610;  1 drivers
v00000272D14280D0_0 .net "cout", 0 0, L_00000272D1456CA0;  1 drivers
v00000272D14273B0_0 .net "sum", 0 0, L_00000272D1456DF0;  1 drivers
S_00000272D141B0A0 .scope generate, "fa_loop[23]" "fa_loop[23]" 5 19, 5 19 0, S_00000272D140F520;
 .timescale -9 -12;
P_00000272D137B010 .param/l "i" 1 5 19, +C4<010111>;
S_00000272D141B230 .scope module, "fa" "full_adder" 5 20, 6 1 0, S_00000272D141B0A0;
 .timescale -9 -12;
    .port_info 0 /INPUT 1 "a";
    .port_info 1 /INPUT 1 "b";
    .port_info 2 /INPUT 1 "cin";
    .port_info 3 /OUTPUT 1 "sum";
    .port_info 4 /OUTPUT 1 "cout";
L_00000272D1457C60 .functor XOR 1, L_00000272D1442110, L_00000272D14426B0, C4<0>, C4<0>;
L_00000272D14571E0 .functor XOR 1, L_00000272D1457C60, L_00000272D1442D90, C4<0>, C4<0>;
L_00000272D1456D10 .functor AND 1, L_00000272D1442110, L_00000272D14426B0, C4<1>, C4<1>;
L_00000272D1456F40 .functor XOR 1, L_00000272D1442110, L_00000272D14426B0, C4<0>, C4<0>;
L_00000272D1456ED0 .functor AND 1, L_00000272D1442D90, L_00000272D1456F40, C4<1>, C4<1>;
L_00000272D1457250 .functor OR 1, L_00000272D1456D10, L_00000272D1456ED0, C4<0>, C4<0>;
v00000272D1427450_0 .net *"_ivl_0", 0 0, L_00000272D1457C60;  1 drivers
v00000272D1427EF0_0 .net *"_ivl_4", 0 0, L_00000272D1456D10;  1 drivers
v00000272D14274F0_0 .net *"_ivl_6", 0 0, L_00000272D1456F40;  1 drivers
v00000272D1427590_0 .net *"_ivl_8", 0 0, L_00000272D1456ED0;  1 drivers
v00000272D1427D10_0 .net "a", 0 0, L_00000272D1442110;  1 drivers
v00000272D1428DF0_0 .net "b", 0 0, L_00000272D14426B0;  1 drivers
v00000272D1428E90_0 .net "cin", 0 0, L_00000272D1442D90;  1 drivers
v00000272D1428F30_0 .net "cout", 0 0, L_00000272D1457250;  1 drivers
v00000272D1429070_0 .net "sum", 0 0, L_00000272D14571E0;  1 drivers
S_00000272D141B3C0 .scope generate, "fa_loop[24]" "fa_loop[24]" 5 19, 5 19 0, S_00000272D140F520;
 .timescale -9 -12;
P_00000272D137B050 .param/l "i" 1 5 19, +C4<011000>;
S_00000272D14303A0 .scope module, "fa" "full_adder" 5 20, 6 1 0, S_00000272D141B3C0;
 .timescale -9 -12;
    .port_info 0 /INPUT 1 "a";
    .port_info 1 /INPUT 1 "b";
    .port_info 2 /INPUT 1 "cin";
    .port_info 3 /OUTPUT 1 "sum";
    .port_info 4 /OUTPUT 1 "cout";
L_00000272D14567D0 .functor XOR 1, L_00000272D1442750, L_00000272D14418F0, C4<0>, C4<0>;
L_00000272D1457410 .functor XOR 1, L_00000272D14567D0, L_00000272D1442A70, C4<0>, C4<0>;
L_00000272D1457870 .functor AND 1, L_00000272D1442750, L_00000272D14418F0, C4<1>, C4<1>;
L_00000272D1457560 .functor XOR 1, L_00000272D1442750, L_00000272D14418F0, C4<0>, C4<0>;
L_00000272D1456920 .functor AND 1, L_00000272D1442A70, L_00000272D1457560, C4<1>, C4<1>;
L_00000272D1457720 .functor OR 1, L_00000272D1457870, L_00000272D1456920, C4<0>, C4<0>;
v00000272D1426910_0 .net *"_ivl_0", 0 0, L_00000272D14567D0;  1 drivers
v00000272D1427950_0 .net *"_ivl_4", 0 0, L_00000272D1457870;  1 drivers
v00000272D1426A50_0 .net *"_ivl_6", 0 0, L_00000272D1457560;  1 drivers
v00000272D1426B90_0 .net *"_ivl_8", 0 0, L_00000272D1456920;  1 drivers
v00000272D1426C30_0 .net "a", 0 0, L_00000272D1442750;  1 drivers
v00000272D1426CD0_0 .net "b", 0 0, L_00000272D14418F0;  1 drivers
v00000272D1426E10_0 .net "cin", 0 0, L_00000272D1442A70;  1 drivers
v00000272D1427630_0 .net "cout", 0 0, L_00000272D1457720;  1 drivers
v00000272D1427770_0 .net "sum", 0 0, L_00000272D1457410;  1 drivers
S_00000272D1430210 .scope generate, "fa_loop[25]" "fa_loop[25]" 5 19, 5 19 0, S_00000272D140F520;
 .timescale -9 -12;
P_00000272D137A350 .param/l "i" 1 5 19, +C4<011001>;
S_00000272D142FA40 .scope module, "fa" "full_adder" 5 20, 6 1 0, S_00000272D1430210;
 .timescale -9 -12;
    .port_info 0 /INPUT 1 "a";
    .port_info 1 /INPUT 1 "b";
    .port_info 2 /INPUT 1 "cin";
    .port_info 3 /OUTPUT 1 "sum";
    .port_info 4 /OUTPUT 1 "cout";
L_00000272D1457DB0 .functor XOR 1, L_00000272D1441F30, L_00000272D1441990, C4<0>, C4<0>;
L_00000272D1457800 .functor XOR 1, L_00000272D1457DB0, L_00000272D14431F0, C4<0>, C4<0>;
L_00000272D1456FB0 .functor AND 1, L_00000272D1441F30, L_00000272D1441990, C4<1>, C4<1>;
L_00000272D14580C0 .functor XOR 1, L_00000272D1441F30, L_00000272D1441990, C4<0>, C4<0>;
L_00000272D14572C0 .functor AND 1, L_00000272D14431F0, L_00000272D14580C0, C4<1>, C4<1>;
L_00000272D1458130 .functor OR 1, L_00000272D1456FB0, L_00000272D14572C0, C4<0>, C4<0>;
v00000272D1427BD0_0 .net *"_ivl_0", 0 0, L_00000272D1457DB0;  1 drivers
v00000272D1427810_0 .net *"_ivl_4", 0 0, L_00000272D1456FB0;  1 drivers
v00000272D1427F90_0 .net *"_ivl_6", 0 0, L_00000272D14580C0;  1 drivers
v00000272D14279F0_0 .net *"_ivl_8", 0 0, L_00000272D14572C0;  1 drivers
v00000272D1427DB0_0 .net "a", 0 0, L_00000272D1441F30;  1 drivers
v00000272D142ABF0_0 .net "b", 0 0, L_00000272D1441990;  1 drivers
v00000272D1429750_0 .net "cin", 0 0, L_00000272D14431F0;  1 drivers
v00000272D1429610_0 .net "cout", 0 0, L_00000272D1458130;  1 drivers
v00000272D142B050_0 .net "sum", 0 0, L_00000272D1457800;  1 drivers
S_00000272D142E910 .scope generate, "fa_loop[26]" "fa_loop[26]" 5 19, 5 19 0, S_00000272D140F520;
 .timescale -9 -12;
P_00000272D137A4D0 .param/l "i" 1 5 19, +C4<011010>;
S_00000272D142F720 .scope module, "fa" "full_adder" 5 20, 6 1 0, S_00000272D142E910;
 .timescale -9 -12;
    .port_info 0 /INPUT 1 "a";
    .port_info 1 /INPUT 1 "b";
    .port_info 2 /INPUT 1 "cin";
    .port_info 3 /OUTPUT 1 "sum";
    .port_info 4 /OUTPUT 1 "cout";
L_00000272D14575D0 .functor XOR 1, L_00000272D1442CF0, L_00000272D14417B0, C4<0>, C4<0>;
L_00000272D1457090 .functor XOR 1, L_00000272D14575D0, L_00000272D1441710, C4<0>, C4<0>;
L_00000272D1457790 .functor AND 1, L_00000272D1442CF0, L_00000272D14417B0, C4<1>, C4<1>;
L_00000272D1456E60 .functor XOR 1, L_00000272D1442CF0, L_00000272D14417B0, C4<0>, C4<0>;
L_00000272D1457640 .functor AND 1, L_00000272D1441710, L_00000272D1456E60, C4<1>, C4<1>;
L_00000272D14578E0 .functor OR 1, L_00000272D1457790, L_00000272D1457640, C4<0>, C4<0>;
v00000272D142B690_0 .net *"_ivl_0", 0 0, L_00000272D14575D0;  1 drivers
v00000272D1429ED0_0 .net *"_ivl_4", 0 0, L_00000272D1457790;  1 drivers
v00000272D142AE70_0 .net *"_ivl_6", 0 0, L_00000272D1456E60;  1 drivers
v00000272D142AAB0_0 .net *"_ivl_8", 0 0, L_00000272D1457640;  1 drivers
v00000272D1429CF0_0 .net "a", 0 0, L_00000272D1442CF0;  1 drivers
v00000272D142A330_0 .net "b", 0 0, L_00000272D14417B0;  1 drivers
v00000272D142A970_0 .net "cin", 0 0, L_00000272D1441710;  1 drivers
v00000272D14294D0_0 .net "cout", 0 0, L_00000272D14578E0;  1 drivers
v00000272D142B0F0_0 .net "sum", 0 0, L_00000272D1457090;  1 drivers
S_00000272D14306C0 .scope generate, "fa_loop[27]" "fa_loop[27]" 5 19, 5 19 0, S_00000272D140F520;
 .timescale -9 -12;
P_00000272D137A5D0 .param/l "i" 1 5 19, +C4<011011>;
S_00000272D142EDC0 .scope module, "fa" "full_adder" 5 20, 6 1 0, S_00000272D14306C0;
 .timescale -9 -12;
    .port_info 0 /INPUT 1 "a";
    .port_info 1 /INPUT 1 "b";
    .port_info 2 /INPUT 1 "cin";
    .port_info 3 /OUTPUT 1 "sum";
    .port_info 4 /OUTPUT 1 "cout";
L_00000272D1456610 .functor XOR 1, L_00000272D14427F0, L_00000272D1441A30, C4<0>, C4<0>;
L_00000272D1457CD0 .functor XOR 1, L_00000272D1456610, L_00000272D1442B10, C4<0>, C4<0>;
L_00000272D1456680 .functor AND 1, L_00000272D14427F0, L_00000272D1441A30, C4<1>, C4<1>;
L_00000272D1457D40 .functor XOR 1, L_00000272D14427F0, L_00000272D1441A30, C4<0>, C4<0>;
L_00000272D1456760 .functor AND 1, L_00000272D1442B10, L_00000272D1457D40, C4<1>, C4<1>;
L_00000272D1458600 .functor OR 1, L_00000272D1456680, L_00000272D1456760, C4<0>, C4<0>;
v00000272D1429110_0 .net *"_ivl_0", 0 0, L_00000272D1456610;  1 drivers
v00000272D14292F0_0 .net *"_ivl_4", 0 0, L_00000272D1456680;  1 drivers
v00000272D142A6F0_0 .net *"_ivl_6", 0 0, L_00000272D1457D40;  1 drivers
v00000272D1429A70_0 .net *"_ivl_8", 0 0, L_00000272D1456760;  1 drivers
v00000272D1429430_0 .net "a", 0 0, L_00000272D14427F0;  1 drivers
v00000272D142A790_0 .net "b", 0 0, L_00000272D1441A30;  1 drivers
v00000272D1429C50_0 .net "cin", 0 0, L_00000272D1442B10;  1 drivers
v00000272D1429570_0 .net "cout", 0 0, L_00000272D1458600;  1 drivers
v00000272D14299D0_0 .net "sum", 0 0, L_00000272D1457CD0;  1 drivers
S_00000272D142FD60 .scope generate, "fa_loop[28]" "fa_loop[28]" 5 19, 5 19 0, S_00000272D140F520;
 .timescale -9 -12;
P_00000272D137A650 .param/l "i" 1 5 19, +C4<011100>;
S_00000272D142F8B0 .scope module, "fa" "full_adder" 5 20, 6 1 0, S_00000272D142FD60;
 .timescale -9 -12;
    .port_info 0 /INPUT 1 "a";
    .port_info 1 /INPUT 1 "b";
    .port_info 2 /INPUT 1 "cin";
    .port_info 3 /OUTPUT 1 "sum";
    .port_info 4 /OUTPUT 1 "cout";
L_00000272D14586E0 .functor XOR 1, L_00000272D1442BB0, L_00000272D1442ED0, C4<0>, C4<0>;
L_00000272D14588A0 .functor XOR 1, L_00000272D14586E0, L_00000272D1442F70, C4<0>, C4<0>;
L_00000272D1458520 .functor AND 1, L_00000272D1442BB0, L_00000272D1442ED0, C4<1>, C4<1>;
L_00000272D1458670 .functor XOR 1, L_00000272D1442BB0, L_00000272D1442ED0, C4<0>, C4<0>;
L_00000272D14584B0 .functor AND 1, L_00000272D1442F70, L_00000272D1458670, C4<1>, C4<1>;
L_00000272D14581A0 .functor OR 1, L_00000272D1458520, L_00000272D14584B0, C4<0>, C4<0>;
v00000272D1429B10_0 .net *"_ivl_0", 0 0, L_00000272D14586E0;  1 drivers
v00000272D142B4B0_0 .net *"_ivl_4", 0 0, L_00000272D1458520;  1 drivers
v00000272D142AD30_0 .net *"_ivl_6", 0 0, L_00000272D1458670;  1 drivers
v00000272D142A150_0 .net *"_ivl_8", 0 0, L_00000272D14584B0;  1 drivers
v00000272D14296B0_0 .net "a", 0 0, L_00000272D1442BB0;  1 drivers
v00000272D142B410_0 .net "b", 0 0, L_00000272D1442ED0;  1 drivers
v00000272D142A650_0 .net "cin", 0 0, L_00000272D1442F70;  1 drivers
v00000272D142A0B0_0 .net "cout", 0 0, L_00000272D14581A0;  1 drivers
v00000272D142A830_0 .net "sum", 0 0, L_00000272D14588A0;  1 drivers
S_00000272D142FBD0 .scope generate, "fa_loop[29]" "fa_loop[29]" 5 19, 5 19 0, S_00000272D140F520;
 .timescale -9 -12;
P_00000272D137A690 .param/l "i" 1 5 19, +C4<011101>;
S_00000272D142F400 .scope module, "fa" "full_adder" 5 20, 6 1 0, S_00000272D142FBD0;
 .timescale -9 -12;
    .port_info 0 /INPUT 1 "a";
    .port_info 1 /INPUT 1 "b";
    .port_info 2 /INPUT 1 "cin";
    .port_info 3 /OUTPUT 1 "sum";
    .port_info 4 /OUTPUT 1 "cout";
L_00000272D1458210 .functor XOR 1, L_00000272D1442070, L_00000272D1443830, C4<0>, C4<0>;
L_00000272D1458830 .functor XOR 1, L_00000272D1458210, L_00000272D1443010, C4<0>, C4<0>;
L_00000272D1458280 .functor AND 1, L_00000272D1442070, L_00000272D1443830, C4<1>, C4<1>;
L_00000272D1458360 .functor XOR 1, L_00000272D1442070, L_00000272D1443830, C4<0>, C4<0>;
L_00000272D1458750 .functor AND 1, L_00000272D1443010, L_00000272D1458360, C4<1>, C4<1>;
L_00000272D14587C0 .functor OR 1, L_00000272D1458280, L_00000272D1458750, C4<0>, C4<0>;
v00000272D1429890_0 .net *"_ivl_0", 0 0, L_00000272D1458210;  1 drivers
v00000272D142AB50_0 .net *"_ivl_4", 0 0, L_00000272D1458280;  1 drivers
v00000272D14297F0_0 .net *"_ivl_6", 0 0, L_00000272D1458360;  1 drivers
v00000272D142B550_0 .net *"_ivl_8", 0 0, L_00000272D1458750;  1 drivers
v00000272D142AA10_0 .net "a", 0 0, L_00000272D1442070;  1 drivers
v00000272D142A8D0_0 .net "b", 0 0, L_00000272D1443830;  1 drivers
v00000272D142B870_0 .net "cin", 0 0, L_00000272D1443010;  1 drivers
v00000272D142A1F0_0 .net "cout", 0 0, L_00000272D14587C0;  1 drivers
v00000272D14291B0_0 .net "sum", 0 0, L_00000272D1458830;  1 drivers
S_00000272D142EAA0 .scope generate, "fa_loop[30]" "fa_loop[30]" 5 19, 5 19 0, S_00000272D140F520;
 .timescale -9 -12;
P_00000272D137B090 .param/l "i" 1 5 19, +C4<011110>;
S_00000272D142F590 .scope module, "fa" "full_adder" 5 20, 6 1 0, S_00000272D142EAA0;
 .timescale -9 -12;
    .port_info 0 /INPUT 1 "a";
    .port_info 1 /INPUT 1 "b";
    .port_info 2 /INPUT 1 "cin";
    .port_info 3 /OUTPUT 1 "sum";
    .port_info 4 /OUTPUT 1 "cout";
L_00000272D14583D0 .functor XOR 1, L_00000272D1441530, L_00000272D14415D0, C4<0>, C4<0>;
L_00000272D14582F0 .functor XOR 1, L_00000272D14583D0, L_00000272D14435B0, C4<0>, C4<0>;
L_00000272D1458440 .functor AND 1, L_00000272D1441530, L_00000272D14415D0, C4<1>, C4<1>;
L_00000272D1458590 .functor XOR 1, L_00000272D1441530, L_00000272D14415D0, C4<0>, C4<0>;
L_00000272D145C0F0 .functor AND 1, L_00000272D14435B0, L_00000272D1458590, C4<1>, C4<1>;
L_00000272D145B360 .functor OR 1, L_00000272D1458440, L_00000272D145C0F0, C4<0>, C4<0>;
v00000272D142B5F0_0 .net *"_ivl_0", 0 0, L_00000272D14583D0;  1 drivers
v00000272D1429930_0 .net *"_ivl_4", 0 0, L_00000272D1458440;  1 drivers
v00000272D142B7D0_0 .net *"_ivl_6", 0 0, L_00000272D1458590;  1 drivers
v00000272D142AC90_0 .net *"_ivl_8", 0 0, L_00000272D145C0F0;  1 drivers
v00000272D142B2D0_0 .net "a", 0 0, L_00000272D1441530;  1 drivers
v00000272D1429D90_0 .net "b", 0 0, L_00000272D14415D0;  1 drivers
v00000272D142A290_0 .net "cin", 0 0, L_00000272D14435B0;  1 drivers
v00000272D1429E30_0 .net "cout", 0 0, L_00000272D145B360;  1 drivers
v00000272D142ADD0_0 .net "sum", 0 0, L_00000272D14582F0;  1 drivers
S_00000272D142FEF0 .scope generate, "fa_loop[31]" "fa_loop[31]" 5 19, 5 19 0, S_00000272D140F520;
 .timescale -9 -12;
P_00000272D137A8D0 .param/l "i" 1 5 19, +C4<011111>;
S_00000272D142EF50 .scope module, "fa" "full_adder" 5 20, 6 1 0, S_00000272D142FEF0;
 .timescale -9 -12;
    .port_info 0 /INPUT 1 "a";
    .port_info 1 /INPUT 1 "b";
    .port_info 2 /INPUT 1 "cin";
    .port_info 3 /OUTPUT 1 "sum";
    .port_info 4 /OUTPUT 1 "cout";
L_00000272D145BB40 .functor XOR 1, L_00000272D1443330, L_00000272D14436F0, C4<0>, C4<0>;
L_00000272D145AFE0 .functor XOR 1, L_00000272D145BB40, L_00000272D1441D50, C4<0>, C4<0>;
L_00000272D145C1D0 .functor AND 1, L_00000272D1443330, L_00000272D14436F0, C4<1>, C4<1>;
L_00000272D145BC20 .functor XOR 1, L_00000272D1443330, L_00000272D14436F0, C4<0>, C4<0>;
L_00000272D145C010 .functor AND 1, L_00000272D1441D50, L_00000272D145BC20, C4<1>, C4<1>;
L_00000272D145B0C0 .functor OR 1, L_00000272D145C1D0, L_00000272D145C010, C4<0>, C4<0>;
v00000272D142B190_0 .net *"_ivl_0", 0 0, L_00000272D145BB40;  1 drivers
v00000272D142B230_0 .net *"_ivl_4", 0 0, L_00000272D145C1D0;  1 drivers
v00000272D142AF10_0 .net *"_ivl_6", 0 0, L_00000272D145BC20;  1 drivers
v00000272D142A3D0_0 .net *"_ivl_8", 0 0, L_00000272D145C010;  1 drivers
v00000272D1429BB0_0 .net "a", 0 0, L_00000272D1443330;  1 drivers
v00000272D1429250_0 .net "b", 0 0, L_00000272D14436F0;  1 drivers
v00000272D142AFB0_0 .net "cin", 0 0, L_00000272D1441D50;  1 drivers
v00000272D1429390_0 .net "cout", 0 0, L_00000272D145B0C0;  1 drivers
v00000272D142B370_0 .net "sum", 0 0, L_00000272D145AFE0;  1 drivers
S_00000272D1430080 .scope module, "u_pc_target_adder" "adder_32" 3 121, 5 1 0, S_00000272D12E4860;
 .timescale -9 -12;
    .port_info 0 /INPUT 32 "a";
    .port_info 1 /INPUT 32 "b";
    .port_info 2 /INPUT 1 "sub_ctrl";
    .port_info 3 /OUTPUT 32 "sum";
    .port_info 4 /OUTPUT 1 "cout";
L_00000272D14D96B0 .functor XOR 32, v00000272D1414C40_0, L_00000272D14CDA70, C4<00000000000000000000000000000000>, C4<00000000000000000000000000000000>;
L_00000272D145EC90 .functor BUFT 1, C4<0>, C4<0>, C4<0>, C4<0>;
L_00000272D14D9720 .functor BUFZ 1, L_00000272D145EC90, C4<0>, C4<0>, C4<0>;
v00000272D143D4D0_0 .net *"_ivl_226", 31 0, L_00000272D14CDA70;  1 drivers
v00000272D143E8D0_0 .net *"_ivl_233", 0 0, L_00000272D14D9720;  1 drivers
v00000272D143D110_0 .net "a", 31 0, v00000272D1413DE0_0;  alias, 1 drivers
v00000272D143C170_0 .net "b", 31 0, v00000272D1414C40_0;  alias, 1 drivers
v00000272D143C850_0 .net "b_inv", 31 0, L_00000272D14D96B0;  1 drivers
v00000272D143D7F0_0 .net "c", 32 0, L_00000272D14CF190;  1 drivers
v00000272D143E330_0 .net "cout", 0 0, L_00000272D14CDF70;  1 drivers
v00000272D143E3D0_0 .net "sub_ctrl", 0 0, L_00000272D145EC90;  1 drivers
v00000272D143C490_0 .net "sum", 31 0, L_00000272D14CCD50;  alias, 1 drivers
L_00000272D14C9510 .part v00000272D1413DE0_0, 0, 1;
L_00000272D14C9F10 .part L_00000272D14D96B0, 0, 1;
L_00000272D14C7E90 .part L_00000272D14CF190, 0, 1;
L_00000272D14CA190 .part v00000272D1413DE0_0, 1, 1;
L_00000272D14C8CF0 .part L_00000272D14D96B0, 1, 1;
L_00000272D14C90B0 .part L_00000272D14CF190, 1, 1;
L_00000272D14C7F30 .part v00000272D1413DE0_0, 2, 1;
L_00000272D14C8D90 .part L_00000272D14D96B0, 2, 1;
L_00000272D14C9970 .part L_00000272D14CF190, 2, 1;
L_00000272D14C9470 .part v00000272D1413DE0_0, 3, 1;
L_00000272D14C7B70 .part L_00000272D14D96B0, 3, 1;
L_00000272D14C96F0 .part L_00000272D14CF190, 3, 1;
L_00000272D14C8E30 .part v00000272D1413DE0_0, 4, 1;
L_00000272D14C7FD0 .part L_00000272D14D96B0, 4, 1;
L_00000272D14C8070 .part L_00000272D14CF190, 4, 1;
L_00000272D14C95B0 .part v00000272D1413DE0_0, 5, 1;
L_00000272D14C9790 .part L_00000272D14D96B0, 5, 1;
L_00000272D14C9A10 .part L_00000272D14CF190, 5, 1;
L_00000272D14C9AB0 .part v00000272D1413DE0_0, 6, 1;
L_00000272D14C9B50 .part L_00000272D14D96B0, 6, 1;
L_00000272D14C8110 .part L_00000272D14CF190, 6, 1;
L_00000272D14C9BF0 .part v00000272D1413DE0_0, 7, 1;
L_00000272D14C81B0 .part L_00000272D14D96B0, 7, 1;
L_00000272D14C9D30 .part L_00000272D14CF190, 7, 1;
L_00000272D14C8250 .part v00000272D1413DE0_0, 8, 1;
L_00000272D14C84D0 .part L_00000272D14D96B0, 8, 1;
L_00000272D14C8570 .part L_00000272D14CF190, 8, 1;
L_00000272D14C8610 .part v00000272D1413DE0_0, 9, 1;
L_00000272D14C86B0 .part L_00000272D14D96B0, 9, 1;
L_00000272D14C8750 .part L_00000272D14CF190, 9, 1;
L_00000272D14C87F0 .part v00000272D1413DE0_0, 10, 1;
L_00000272D14CC350 .part L_00000272D14D96B0, 10, 1;
L_00000272D14CC030 .part L_00000272D14CF190, 10, 1;
L_00000272D14CC210 .part v00000272D1413DE0_0, 11, 1;
L_00000272D14CAF50 .part L_00000272D14D96B0, 11, 1;
L_00000272D14CB270 .part L_00000272D14CF190, 11, 1;
L_00000272D14CB810 .part v00000272D1413DE0_0, 12, 1;
L_00000272D14CC0D0 .part L_00000272D14D96B0, 12, 1;
L_00000272D14CB8B0 .part L_00000272D14CF190, 12, 1;
L_00000272D14CC170 .part v00000272D1413DE0_0, 13, 1;
L_00000272D14CA230 .part L_00000272D14D96B0, 13, 1;
L_00000272D14CC7B0 .part L_00000272D14CF190, 13, 1;
L_00000272D14CC2B0 .part v00000272D1413DE0_0, 14, 1;
L_00000272D14CA2D0 .part L_00000272D14D96B0, 14, 1;
L_00000272D14CC850 .part L_00000272D14CF190, 14, 1;
L_00000272D14CBBD0 .part v00000272D1413DE0_0, 15, 1;
L_00000272D14CBE50 .part L_00000272D14D96B0, 15, 1;
L_00000272D14CAB90 .part L_00000272D14CF190, 15, 1;
L_00000272D14CA550 .part v00000272D1413DE0_0, 16, 1;
L_00000272D14CAAF0 .part L_00000272D14D96B0, 16, 1;
L_00000272D14CC3F0 .part L_00000272D14CF190, 16, 1;
L_00000272D14CB310 .part v00000272D1413DE0_0, 17, 1;
L_00000272D14CC5D0 .part L_00000272D14D96B0, 17, 1;
L_00000272D14CB770 .part L_00000272D14CF190, 17, 1;
L_00000272D14CBA90 .part v00000272D1413DE0_0, 18, 1;
L_00000272D14CA410 .part L_00000272D14D96B0, 18, 1;
L_00000272D14CA370 .part L_00000272D14CF190, 18, 1;
L_00000272D14CB4F0 .part v00000272D1413DE0_0, 19, 1;
L_00000272D14CC490 .part L_00000272D14D96B0, 19, 1;
L_00000272D14CBB30 .part L_00000272D14CF190, 19, 1;
L_00000272D14CBC70 .part v00000272D1413DE0_0, 20, 1;
L_00000272D14CC8F0 .part L_00000272D14D96B0, 20, 1;
L_00000272D14CC670 .part L_00000272D14CF190, 20, 1;
L_00000272D14CB3B0 .part v00000272D1413DE0_0, 21, 1;
L_00000272D14CAC30 .part L_00000272D14D96B0, 21, 1;
L_00000272D14CA5F0 .part L_00000272D14CF190, 21, 1;
L_00000272D14CB130 .part v00000272D1413DE0_0, 22, 1;
L_00000272D14CB950 .part L_00000272D14D96B0, 22, 1;
L_00000272D14CB630 .part L_00000272D14CF190, 22, 1;
L_00000272D14CC710 .part v00000272D1413DE0_0, 23, 1;
L_00000272D14CBD10 .part L_00000272D14D96B0, 23, 1;
L_00000272D14CA690 .part L_00000272D14CF190, 23, 1;
L_00000272D14CAEB0 .part v00000272D1413DE0_0, 24, 1;
L_00000272D14CA7D0 .part L_00000272D14D96B0, 24, 1;
L_00000272D14CA730 .part L_00000272D14CF190, 24, 1;
L_00000272D14CB1D0 .part v00000272D1413DE0_0, 25, 1;
L_00000272D14CB9F0 .part L_00000272D14D96B0, 25, 1;
L_00000272D14CBEF0 .part L_00000272D14CF190, 25, 1;
L_00000272D14CB450 .part v00000272D1413DE0_0, 26, 1;
L_00000272D14CA9B0 .part L_00000272D14D96B0, 26, 1;
L_00000272D14CBDB0 .part L_00000272D14CF190, 26, 1;
L_00000272D14CBF90 .part v00000272D1413DE0_0, 27, 1;
L_00000272D14CB590 .part L_00000272D14D96B0, 27, 1;
L_00000272D14CC530 .part L_00000272D14CF190, 27, 1;
L_00000272D14CC990 .part v00000272D1413DE0_0, 28, 1;
L_00000272D14CA4B0 .part L_00000272D14D96B0, 28, 1;
L_00000272D14CA870 .part L_00000272D14CF190, 28, 1;
L_00000272D14CA910 .part v00000272D1413DE0_0, 29, 1;
L_00000272D14CB6D0 .part L_00000272D14D96B0, 29, 1;
L_00000272D14CAA50 .part L_00000272D14CF190, 29, 1;
L_00000272D14CACD0 .part v00000272D1413DE0_0, 30, 1;
L_00000272D14CAD70 .part L_00000272D14D96B0, 30, 1;
L_00000272D14CAE10 .part L_00000272D14CF190, 30, 1;
L_00000272D14CAFF0 .part v00000272D1413DE0_0, 31, 1;
L_00000272D14CB090 .part L_00000272D14D96B0, 31, 1;
L_00000272D14CD750 .part L_00000272D14CF190, 31, 1;
LS_00000272D14CCD50_0_0 .concat8 [ 1 1 1 1], L_00000272D14D6610, L_00000272D14D6680, L_00000272D14D3F20, L_00000272D14D39E0;
LS_00000272D14CCD50_0_4 .concat8 [ 1 1 1 1], L_00000272D14D2E80, L_00000272D14D2A20, L_00000272D14D3AC0, L_00000272D14D2E10;
LS_00000272D14CCD50_0_8 .concat8 [ 1 1 1 1], L_00000272D14D4000, L_00000272D14D2F60, L_00000272D14D34A0, L_00000272D14D2A90;
LS_00000272D14CCD50_0_12 .concat8 [ 1 1 1 1], L_00000272D14D2BE0, L_00000272D14D8290, L_00000272D14D9480, L_00000272D14D94F0;
LS_00000272D14CCD50_0_16 .concat8 [ 1 1 1 1], L_00000272D14D7F80, L_00000272D14D8BC0, L_00000272D14D7C70, L_00000272D14D9250;
LS_00000272D14CCD50_0_20 .concat8 [ 1 1 1 1], L_00000272D14D8E60, L_00000272D14D80D0, L_00000272D14D95D0, L_00000272D14DA670;
LS_00000272D14CCD50_0_24 .concat8 [ 1 1 1 1], L_00000272D14DB160, L_00000272D14DA980, L_00000272D14DA4B0, L_00000272D14DA8A0;
LS_00000272D14CCD50_0_28 .concat8 [ 1 1 1 1], L_00000272D14DAAD0, L_00000272D14DA590, L_00000272D14D9DB0, L_00000272D14DAF30;
LS_00000272D14CCD50_1_0 .concat8 [ 4 4 4 4], LS_00000272D14CCD50_0_0, LS_00000272D14CCD50_0_4, LS_00000272D14CCD50_0_8, LS_00000272D14CCD50_0_12;
LS_00000272D14CCD50_1_4 .concat8 [ 4 4 4 4], LS_00000272D14CCD50_0_16, LS_00000272D14CCD50_0_20, LS_00000272D14CCD50_0_24, LS_00000272D14CCD50_0_28;
L_00000272D14CCD50 .concat8 [ 16 16 0 0], LS_00000272D14CCD50_1_0, LS_00000272D14CCD50_1_4;
L_00000272D14CDA70 .repeat 32, 32, L_00000272D145EC90;
LS_00000272D14CF190_0_0 .concat8 [ 1 1 1 1], L_00000272D14D9720, L_00000272D14D63E0, L_00000272D14D3580, L_00000272D14D40E0;
LS_00000272D14CF190_0_4 .concat8 [ 1 1 1 1], L_00000272D14D3660, L_00000272D14D4150, L_00000272D14D43F0, L_00000272D14D3190;
LS_00000272D14CF190_0_8 .concat8 [ 1 1 1 1], L_00000272D14D3200, L_00000272D14D41C0, L_00000272D14D3890, L_00000272D14D4230;
LS_00000272D14CF190_0_12 .concat8 [ 1 1 1 1], L_00000272D14D3EB0, L_00000272D14D7EA0, L_00000272D14D7D50, L_00000272D14D7F10;
LS_00000272D14CF190_0_16 .concat8 [ 1 1 1 1], L_00000272D14D7B20, L_00000272D14D8220, L_00000272D14D8370, L_00000272D14D7CE0;
LS_00000272D14CF190_0_20 .concat8 [ 1 1 1 1], L_00000272D14D86F0, L_00000272D14D8920, L_00000272D14D8FB0, L_00000272D14D81B0;
LS_00000272D14CF190_0_24 .concat8 [ 1 1 1 1], L_00000272D14DA750, L_00000272D14DAC90, L_00000272D14DA1A0, L_00000272D14DA830;
LS_00000272D14CF190_0_28 .concat8 [ 1 1 1 1], L_00000272D14DB0F0, L_00000272D14DA520, L_00000272D14DA130, L_00000272D14DA360;
LS_00000272D14CF190_0_32 .concat8 [ 1 0 0 0], L_00000272D14D9640;
LS_00000272D14CF190_1_0 .concat8 [ 4 4 4 4], LS_00000272D14CF190_0_0, LS_00000272D14CF190_0_4, LS_00000272D14CF190_0_8, LS_00000272D14CF190_0_12;
LS_00000272D14CF190_1_4 .concat8 [ 4 4 4 4], LS_00000272D14CF190_0_16, LS_00000272D14CF190_0_20, LS_00000272D14CF190_0_24, LS_00000272D14CF190_0_28;
LS_00000272D14CF190_1_8 .concat8 [ 1 0 0 0], LS_00000272D14CF190_0_32;
L_00000272D14CF190 .concat8 [ 16 16 1 0], LS_00000272D14CF190_1_0, LS_00000272D14CF190_1_4, LS_00000272D14CF190_1_8;
L_00000272D14CDF70 .part L_00000272D14CF190, 32, 1;
S_00000272D1430530 .scope generate, "fa_loop[0]" "fa_loop[0]" 5 19, 5 19 0, S_00000272D1430080;
 .timescale -9 -12;
P_00000272D137B150 .param/l "i" 1 5 19, +C4<00>;
S_00000272D142EC30 .scope module, "fa" "full_adder" 5 20, 6 1 0, S_00000272D1430530;
 .timescale -9 -12;
    .port_info 0 /INPUT 1 "a";
    .port_info 1 /INPUT 1 "b";
    .port_info 2 /INPUT 1 "cin";
    .port_info 3 /OUTPUT 1 "sum";
    .port_info 4 /OUTPUT 1 "cout";
L_00000272D14D6530 .functor XOR 1, L_00000272D14C9510, L_00000272D14C9F10, C4<0>, C4<0>;
L_00000272D14D6610 .functor XOR 1, L_00000272D14D6530, L_00000272D14C7E90, C4<0>, C4<0>;
L_00000272D14D6920 .functor AND 1, L_00000272D14C9510, L_00000272D14C9F10, C4<1>, C4<1>;
L_00000272D14D6370 .functor XOR 1, L_00000272D14C9510, L_00000272D14C9F10, C4<0>, C4<0>;
L_00000272D14D6290 .functor AND 1, L_00000272D14C7E90, L_00000272D14D6370, C4<1>, C4<1>;
L_00000272D14D63E0 .functor OR 1, L_00000272D14D6920, L_00000272D14D6290, C4<0>, C4<0>;
v00000272D142DFD0_0 .net *"_ivl_0", 0 0, L_00000272D14D6530;  1 drivers
v00000272D142C450_0 .net *"_ivl_4", 0 0, L_00000272D14D6920;  1 drivers
v00000272D142CC70_0 .net *"_ivl_6", 0 0, L_00000272D14D6370;  1 drivers
v00000272D142BC30_0 .net *"_ivl_8", 0 0, L_00000272D14D6290;  1 drivers
v00000272D142D0D0_0 .net "a", 0 0, L_00000272D14C9510;  1 drivers
v00000272D142D170_0 .net "b", 0 0, L_00000272D14C9F10;  1 drivers
v00000272D142BAF0_0 .net "cin", 0 0, L_00000272D14C7E90;  1 drivers
v00000272D142B910_0 .net "cout", 0 0, L_00000272D14D63E0;  1 drivers
v00000272D142CA90_0 .net "sum", 0 0, L_00000272D14D6610;  1 drivers
S_00000272D142F0E0 .scope generate, "fa_loop[1]" "fa_loop[1]" 5 19, 5 19 0, S_00000272D1430080;
 .timescale -9 -12;
P_00000272D137A1D0 .param/l "i" 1 5 19, +C4<01>;
S_00000272D142F270 .scope module, "fa" "full_adder" 5 20, 6 1 0, S_00000272D142F0E0;
 .timescale -9 -12;
    .port_info 0 /INPUT 1 "a";
    .port_info 1 /INPUT 1 "b";
    .port_info 2 /INPUT 1 "cin";
    .port_info 3 /OUTPUT 1 "sum";
    .port_info 4 /OUTPUT 1 "cout";
L_00000272D14D67D0 .functor XOR 1, L_00000272D14CA190, L_00000272D14C8CF0, C4<0>, C4<0>;
L_00000272D14D6680 .functor XOR 1, L_00000272D14D67D0, L_00000272D14C90B0, C4<0>, C4<0>;
L_00000272D14D6760 .functor AND 1, L_00000272D14CA190, L_00000272D14C8CF0, C4<1>, C4<1>;
L_00000272D14D6840 .functor XOR 1, L_00000272D14CA190, L_00000272D14C8CF0, C4<0>, C4<0>;
L_00000272D14D3120 .functor AND 1, L_00000272D14C90B0, L_00000272D14D6840, C4<1>, C4<1>;
L_00000272D14D3580 .functor OR 1, L_00000272D14D6760, L_00000272D14D3120, C4<0>, C4<0>;
v00000272D142D670_0 .net *"_ivl_0", 0 0, L_00000272D14D67D0;  1 drivers
v00000272D142BB90_0 .net *"_ivl_4", 0 0, L_00000272D14D6760;  1 drivers
v00000272D142B9B0_0 .net *"_ivl_6", 0 0, L_00000272D14D6840;  1 drivers
v00000272D142BA50_0 .net *"_ivl_8", 0 0, L_00000272D14D3120;  1 drivers
v00000272D142DCB0_0 .net "a", 0 0, L_00000272D14CA190;  1 drivers
v00000272D142DA30_0 .net "b", 0 0, L_00000272D14C8CF0;  1 drivers
v00000272D142C4F0_0 .net "cin", 0 0, L_00000272D14C90B0;  1 drivers
v00000272D142DDF0_0 .net "cout", 0 0, L_00000272D14D3580;  1 drivers
v00000272D142D990_0 .net "sum", 0 0, L_00000272D14D6680;  1 drivers
S_00000272D14343C0 .scope generate, "fa_loop[2]" "fa_loop[2]" 5 19, 5 19 0, S_00000272D1430080;
 .timescale -9 -12;
P_00000272D137A210 .param/l "i" 1 5 19, +C4<010>;
S_00000272D14338D0 .scope module, "fa" "full_adder" 5 20, 6 1 0, S_00000272D14343C0;
 .timescale -9 -12;
    .port_info 0 /INPUT 1 "a";
    .port_info 1 /INPUT 1 "b";
    .port_info 2 /INPUT 1 "cin";
    .port_info 3 /OUTPUT 1 "sum";
    .port_info 4 /OUTPUT 1 "cout";
L_00000272D14D3270 .functor XOR 1, L_00000272D14C7F30, L_00000272D14C8D90, C4<0>, C4<0>;
L_00000272D14D3F20 .functor XOR 1, L_00000272D14D3270, L_00000272D14C9970, C4<0>, C4<0>;
L_00000272D14D3B30 .functor AND 1, L_00000272D14C7F30, L_00000272D14C8D90, C4<1>, C4<1>;
L_00000272D14D4380 .functor XOR 1, L_00000272D14C7F30, L_00000272D14C8D90, C4<0>, C4<0>;
L_00000272D14D2CC0 .functor AND 1, L_00000272D14C9970, L_00000272D14D4380, C4<1>, C4<1>;
L_00000272D14D40E0 .functor OR 1, L_00000272D14D3B30, L_00000272D14D2CC0, C4<0>, C4<0>;
v00000272D142C630_0 .net *"_ivl_0", 0 0, L_00000272D14D3270;  1 drivers
v00000272D142C270_0 .net *"_ivl_4", 0 0, L_00000272D14D3B30;  1 drivers
v00000272D142CD10_0 .net *"_ivl_6", 0 0, L_00000272D14D4380;  1 drivers
v00000272D142C590_0 .net *"_ivl_8", 0 0, L_00000272D14D2CC0;  1 drivers
v00000272D142CB30_0 .net "a", 0 0, L_00000272D14C7F30;  1 drivers
v00000272D142D710_0 .net "b", 0 0, L_00000272D14C8D90;  1 drivers
v00000272D142DE90_0 .net "cin", 0 0, L_00000272D14C9970;  1 drivers
v00000272D142C1D0_0 .net "cout", 0 0, L_00000272D14D40E0;  1 drivers
v00000272D142D850_0 .net "sum", 0 0, L_00000272D14D3F20;  1 drivers
S_00000272D1432F70 .scope generate, "fa_loop[3]" "fa_loop[3]" 5 19, 5 19 0, S_00000272D1430080;
 .timescale -9 -12;
P_00000272D137A890 .param/l "i" 1 5 19, +C4<011>;
S_00000272D1433290 .scope module, "fa" "full_adder" 5 20, 6 1 0, S_00000272D1432F70;
 .timescale -9 -12;
    .port_info 0 /INPUT 1 "a";
    .port_info 1 /INPUT 1 "b";
    .port_info 2 /INPUT 1 "cin";
    .port_info 3 /OUTPUT 1 "sum";
    .port_info 4 /OUTPUT 1 "cout";
L_00000272D14D3430 .functor XOR 1, L_00000272D14C9470, L_00000272D14C7B70, C4<0>, C4<0>;
L_00000272D14D39E0 .functor XOR 1, L_00000272D14D3430, L_00000272D14C96F0, C4<0>, C4<0>;
L_00000272D14D3040 .functor AND 1, L_00000272D14C9470, L_00000272D14C7B70, C4<1>, C4<1>;
L_00000272D14D2C50 .functor XOR 1, L_00000272D14C9470, L_00000272D14C7B70, C4<0>, C4<0>;
L_00000272D14D3900 .functor AND 1, L_00000272D14C96F0, L_00000272D14D2C50, C4<1>, C4<1>;
L_00000272D14D3660 .functor OR 1, L_00000272D14D3040, L_00000272D14D3900, C4<0>, C4<0>;
v00000272D142DC10_0 .net *"_ivl_0", 0 0, L_00000272D14D3430;  1 drivers
v00000272D142C810_0 .net *"_ivl_4", 0 0, L_00000272D14D3040;  1 drivers
v00000272D142DD50_0 .net *"_ivl_6", 0 0, L_00000272D14D2C50;  1 drivers
v00000272D142BCD0_0 .net *"_ivl_8", 0 0, L_00000272D14D3900;  1 drivers
v00000272D142CF90_0 .net "a", 0 0, L_00000272D14C9470;  1 drivers
v00000272D142D8F0_0 .net "b", 0 0, L_00000272D14C7B70;  1 drivers
v00000272D142DAD0_0 .net "cin", 0 0, L_00000272D14C96F0;  1 drivers
v00000272D142D3F0_0 .net "cout", 0 0, L_00000272D14D3660;  1 drivers
v00000272D142C8B0_0 .net "sum", 0 0, L_00000272D14D39E0;  1 drivers
S_00000272D1433100 .scope generate, "fa_loop[4]" "fa_loop[4]" 5 19, 5 19 0, S_00000272D1430080;
 .timescale -9 -12;
P_00000272D137A910 .param/l "i" 1 5 19, +C4<0100>;
S_00000272D1433420 .scope module, "fa" "full_adder" 5 20, 6 1 0, S_00000272D1433100;
 .timescale -9 -12;
    .port_info 0 /INPUT 1 "a";
    .port_info 1 /INPUT 1 "b";
    .port_info 2 /INPUT 1 "cin";
    .port_info 3 /OUTPUT 1 "sum";
    .port_info 4 /OUTPUT 1 "cout";
L_00000272D14D4540 .functor XOR 1, L_00000272D14C8E30, L_00000272D14C7FD0, C4<0>, C4<0>;
L_00000272D14D2E80 .functor XOR 1, L_00000272D14D4540, L_00000272D14C8070, C4<0>, C4<0>;
L_00000272D14D3970 .functor AND 1, L_00000272D14C8E30, L_00000272D14C7FD0, C4<1>, C4<1>;
L_00000272D14D35F0 .functor XOR 1, L_00000272D14C8E30, L_00000272D14C7FD0, C4<0>, C4<0>;
L_00000272D14D3820 .functor AND 1, L_00000272D14C8070, L_00000272D14D35F0, C4<1>, C4<1>;
L_00000272D14D4150 .functor OR 1, L_00000272D14D3970, L_00000272D14D3820, C4<0>, C4<0>;
v00000272D142DF30_0 .net *"_ivl_0", 0 0, L_00000272D14D4540;  1 drivers
v00000272D142D530_0 .net *"_ivl_4", 0 0, L_00000272D14D3970;  1 drivers
v00000272D142C9F0_0 .net *"_ivl_6", 0 0, L_00000272D14D35F0;  1 drivers
v00000272D142DB70_0 .net *"_ivl_8", 0 0, L_00000272D14D3820;  1 drivers
v00000272D142CBD0_0 .net "a", 0 0, L_00000272D14C8E30;  1 drivers
v00000272D142CE50_0 .net "b", 0 0, L_00000272D14C7FD0;  1 drivers
v00000272D142CEF0_0 .net "cin", 0 0, L_00000272D14C8070;  1 drivers
v00000272D142D5D0_0 .net "cout", 0 0, L_00000272D14D4150;  1 drivers
v00000272D142E070_0 .net "sum", 0 0, L_00000272D14D2E80;  1 drivers
S_00000272D14346E0 .scope generate, "fa_loop[5]" "fa_loop[5]" 5 19, 5 19 0, S_00000272D1430080;
 .timescale -9 -12;
P_00000272D137A710 .param/l "i" 1 5 19, +C4<0101>;
S_00000272D1434230 .scope module, "fa" "full_adder" 5 20, 6 1 0, S_00000272D14346E0;
 .timescale -9 -12;
    .port_info 0 /INPUT 1 "a";
    .port_info 1 /INPUT 1 "b";
    .port_info 2 /INPUT 1 "cin";
    .port_info 3 /OUTPUT 1 "sum";
    .port_info 4 /OUTPUT 1 "cout";
L_00000272D14D4310 .functor XOR 1, L_00000272D14C95B0, L_00000272D14C9790, C4<0>, C4<0>;
L_00000272D14D2A20 .functor XOR 1, L_00000272D14D4310, L_00000272D14C9A10, C4<0>, C4<0>;
L_00000272D14D3BA0 .functor AND 1, L_00000272D14C95B0, L_00000272D14C9790, C4<1>, C4<1>;
L_00000272D14D42A0 .functor XOR 1, L_00000272D14C95B0, L_00000272D14C9790, C4<0>, C4<0>;
L_00000272D14D2DA0 .functor AND 1, L_00000272D14C9A10, L_00000272D14D42A0, C4<1>, C4<1>;
L_00000272D14D43F0 .functor OR 1, L_00000272D14D3BA0, L_00000272D14D2DA0, C4<0>, C4<0>;
v00000272D142BD70_0 .net *"_ivl_0", 0 0, L_00000272D14D4310;  1 drivers
v00000272D142BE10_0 .net *"_ivl_4", 0 0, L_00000272D14D3BA0;  1 drivers
v00000272D142BF50_0 .net *"_ivl_6", 0 0, L_00000272D14D42A0;  1 drivers
v00000272D142D030_0 .net *"_ivl_8", 0 0, L_00000272D14D2DA0;  1 drivers
v00000272D142BFF0_0 .net "a", 0 0, L_00000272D14C95B0;  1 drivers
v00000272D142D210_0 .net "b", 0 0, L_00000272D14C9790;  1 drivers
v00000272D142C310_0 .net "cin", 0 0, L_00000272D14C9A10;  1 drivers
v00000272D142C090_0 .net "cout", 0 0, L_00000272D14D43F0;  1 drivers
v00000272D142D2B0_0 .net "sum", 0 0, L_00000272D14D2A20;  1 drivers
S_00000272D14335B0 .scope generate, "fa_loop[6]" "fa_loop[6]" 5 19, 5 19 0, S_00000272D1430080;
 .timescale -9 -12;
P_00000272D137AA90 .param/l "i" 1 5 19, +C4<0110>;
S_00000272D1432C50 .scope module, "fa" "full_adder" 5 20, 6 1 0, S_00000272D14335B0;
 .timescale -9 -12;
    .port_info 0 /INPUT 1 "a";
    .port_info 1 /INPUT 1 "b";
    .port_info 2 /INPUT 1 "cin";
    .port_info 3 /OUTPUT 1 "sum";
    .port_info 4 /OUTPUT 1 "cout";
L_00000272D14D3CF0 .functor XOR 1, L_00000272D14C9AB0, L_00000272D14C9B50, C4<0>, C4<0>;
L_00000272D14D3AC0 .functor XOR 1, L_00000272D14D3CF0, L_00000272D14C8110, C4<0>, C4<0>;
L_00000272D14D3A50 .functor AND 1, L_00000272D14C9AB0, L_00000272D14C9B50, C4<1>, C4<1>;
L_00000272D14D3350 .functor XOR 1, L_00000272D14C9AB0, L_00000272D14C9B50, C4<0>, C4<0>;
L_00000272D14D3C10 .functor AND 1, L_00000272D14C8110, L_00000272D14D3350, C4<1>, C4<1>;
L_00000272D14D3190 .functor OR 1, L_00000272D14D3A50, L_00000272D14D3C10, C4<0>, C4<0>;
v00000272D142D350_0 .net *"_ivl_0", 0 0, L_00000272D14D3CF0;  1 drivers
v00000272D142C130_0 .net *"_ivl_4", 0 0, L_00000272D14D3A50;  1 drivers
v00000272D142C3B0_0 .net *"_ivl_6", 0 0, L_00000272D14D3350;  1 drivers
v00000272D142D7B0_0 .net *"_ivl_8", 0 0, L_00000272D14D3C10;  1 drivers
v00000272D142E6B0_0 .net "a", 0 0, L_00000272D14C9AB0;  1 drivers
v00000272D142E110_0 .net "b", 0 0, L_00000272D14C9B50;  1 drivers
v00000272D142E7F0_0 .net "cin", 0 0, L_00000272D14C8110;  1 drivers
v00000272D142E570_0 .net "cout", 0 0, L_00000272D14D3190;  1 drivers
v00000272D142E750_0 .net "sum", 0 0, L_00000272D14D3AC0;  1 drivers
S_00000272D1433740 .scope generate, "fa_loop[7]" "fa_loop[7]" 5 19, 5 19 0, S_00000272D1430080;
 .timescale -9 -12;
P_00000272D137A390 .param/l "i" 1 5 19, +C4<0111>;
S_00000272D1434550 .scope module, "fa" "full_adder" 5 20, 6 1 0, S_00000272D1433740;
 .timescale -9 -12;
    .port_info 0 /INPUT 1 "a";
    .port_info 1 /INPUT 1 "b";
    .port_info 2 /INPUT 1 "cin";
    .port_info 3 /OUTPUT 1 "sum";
    .port_info 4 /OUTPUT 1 "cout";
L_00000272D14D4460 .functor XOR 1, L_00000272D14C9BF0, L_00000272D14C81B0, C4<0>, C4<0>;
L_00000272D14D2E10 .functor XOR 1, L_00000272D14D4460, L_00000272D14C9D30, C4<0>, C4<0>;
L_00000272D14D2D30 .functor AND 1, L_00000272D14C9BF0, L_00000272D14C81B0, C4<1>, C4<1>;
L_00000272D14D3F90 .functor XOR 1, L_00000272D14C9BF0, L_00000272D14C81B0, C4<0>, C4<0>;
L_00000272D14D44D0 .functor AND 1, L_00000272D14C9D30, L_00000272D14D3F90, C4<1>, C4<1>;
L_00000272D14D3200 .functor OR 1, L_00000272D14D2D30, L_00000272D14D44D0, C4<0>, C4<0>;
v00000272D142E390_0 .net *"_ivl_0", 0 0, L_00000272D14D4460;  1 drivers
v00000272D142E250_0 .net *"_ivl_4", 0 0, L_00000272D14D2D30;  1 drivers
v00000272D142E1B0_0 .net *"_ivl_6", 0 0, L_00000272D14D3F90;  1 drivers
v00000272D142E2F0_0 .net *"_ivl_8", 0 0, L_00000272D14D44D0;  1 drivers
v00000272D142E610_0 .net "a", 0 0, L_00000272D14C9BF0;  1 drivers
v00000272D142E430_0 .net "b", 0 0, L_00000272D14C81B0;  1 drivers
v00000272D142E4D0_0 .net "cin", 0 0, L_00000272D14C9D30;  1 drivers
v00000272D1434F10_0 .net "cout", 0 0, L_00000272D14D3200;  1 drivers
v00000272D1435B90_0 .net "sum", 0 0, L_00000272D14D2E10;  1 drivers
S_00000272D1433F10 .scope generate, "fa_loop[8]" "fa_loop[8]" 5 19, 5 19 0, S_00000272D1430080;
 .timescale -9 -12;
P_00000272D137A790 .param/l "i" 1 5 19, +C4<01000>;
S_00000272D1433A60 .scope module, "fa" "full_adder" 5 20, 6 1 0, S_00000272D1433F10;
 .timescale -9 -12;
    .port_info 0 /INPUT 1 "a";
    .port_info 1 /INPUT 1 "b";
    .port_info 2 /INPUT 1 "cin";
    .port_info 3 /OUTPUT 1 "sum";
    .port_info 4 /OUTPUT 1 "cout";
L_00000272D14D32E0 .functor XOR 1, L_00000272D14C8250, L_00000272D14C84D0, C4<0>, C4<0>;
L_00000272D14D4000 .functor XOR 1, L_00000272D14D32E0, L_00000272D14C8570, C4<0>, C4<0>;
L_00000272D14D3C80 .functor AND 1, L_00000272D14C8250, L_00000272D14C84D0, C4<1>, C4<1>;
L_00000272D14D45B0 .functor XOR 1, L_00000272D14C8250, L_00000272D14C84D0, C4<0>, C4<0>;
L_00000272D14D2EF0 .functor AND 1, L_00000272D14C8570, L_00000272D14D45B0, C4<1>, C4<1>;
L_00000272D14D41C0 .functor OR 1, L_00000272D14D3C80, L_00000272D14D2EF0, C4<0>, C4<0>;
v00000272D1436810_0 .net *"_ivl_0", 0 0, L_00000272D14D32E0;  1 drivers
v00000272D1434C90_0 .net *"_ivl_4", 0 0, L_00000272D14D3C80;  1 drivers
v00000272D1436090_0 .net *"_ivl_6", 0 0, L_00000272D14D45B0;  1 drivers
v00000272D14361D0_0 .net *"_ivl_8", 0 0, L_00000272D14D2EF0;  1 drivers
v00000272D1436EF0_0 .net "a", 0 0, L_00000272D14C8250;  1 drivers
v00000272D1436D10_0 .net "b", 0 0, L_00000272D14C84D0;  1 drivers
v00000272D14355F0_0 .net "cin", 0 0, L_00000272D14C8570;  1 drivers
v00000272D1436590_0 .net "cout", 0 0, L_00000272D14D41C0;  1 drivers
v00000272D14352D0_0 .net "sum", 0 0, L_00000272D14D4000;  1 drivers
S_00000272D1432AC0 .scope generate, "fa_loop[9]" "fa_loop[9]" 5 19, 5 19 0, S_00000272D1430080;
 .timescale -9 -12;
P_00000272D137A950 .param/l "i" 1 5 19, +C4<01001>;
S_00000272D1432930 .scope module, "fa" "full_adder" 5 20, 6 1 0, S_00000272D1432AC0;
 .timescale -9 -12;
    .port_info 0 /INPUT 1 "a";
    .port_info 1 /INPUT 1 "b";
    .port_info 2 /INPUT 1 "cin";
    .port_info 3 /OUTPUT 1 "sum";
    .port_info 4 /OUTPUT 1 "cout";
L_00000272D14D30B0 .functor XOR 1, L_00000272D14C8610, L_00000272D14C86B0, C4<0>, C4<0>;
L_00000272D14D2F60 .functor XOR 1, L_00000272D14D30B0, L_00000272D14C8750, C4<0>, C4<0>;
L_00000272D14D4070 .functor AND 1, L_00000272D14C8610, L_00000272D14C86B0, C4<1>, C4<1>;
L_00000272D14D33C0 .functor XOR 1, L_00000272D14C8610, L_00000272D14C86B0, C4<0>, C4<0>;
L_00000272D14D2FD0 .functor AND 1, L_00000272D14C8750, L_00000272D14D33C0, C4<1>, C4<1>;
L_00000272D14D3890 .functor OR 1, L_00000272D14D4070, L_00000272D14D2FD0, C4<0>, C4<0>;
v00000272D1435F50_0 .net *"_ivl_0", 0 0, L_00000272D14D30B0;  1 drivers
v00000272D1435370_0 .net *"_ivl_4", 0 0, L_00000272D14D4070;  1 drivers
v00000272D1435EB0_0 .net *"_ivl_6", 0 0, L_00000272D14D33C0;  1 drivers
v00000272D14354B0_0 .net *"_ivl_8", 0 0, L_00000272D14D2FD0;  1 drivers
v00000272D1436A90_0 .net "a", 0 0, L_00000272D14C8610;  1 drivers
v00000272D1435A50_0 .net "b", 0 0, L_00000272D14C86B0;  1 drivers
v00000272D1435230_0 .net "cin", 0 0, L_00000272D14C8750;  1 drivers
v00000272D14368B0_0 .net "cout", 0 0, L_00000272D14D3890;  1 drivers
v00000272D1435AF0_0 .net "sum", 0 0, L_00000272D14D2F60;  1 drivers
S_00000272D1433BF0 .scope generate, "fa_loop[10]" "fa_loop[10]" 5 19, 5 19 0, S_00000272D1430080;
 .timescale -9 -12;
P_00000272D137A7D0 .param/l "i" 1 5 19, +C4<01010>;
S_00000272D1432DE0 .scope module, "fa" "full_adder" 5 20, 6 1 0, S_00000272D1433BF0;
 .timescale -9 -12;
    .port_info 0 /INPUT 1 "a";
    .port_info 1 /INPUT 1 "b";
    .port_info 2 /INPUT 1 "cin";
    .port_info 3 /OUTPUT 1 "sum";
    .port_info 4 /OUTPUT 1 "cout";
L_00000272D14D3D60 .functor XOR 1, L_00000272D14C87F0, L_00000272D14CC350, C4<0>, C4<0>;
L_00000272D14D34A0 .functor XOR 1, L_00000272D14D3D60, L_00000272D14CC030, C4<0>, C4<0>;
L_00000272D14D3510 .functor AND 1, L_00000272D14C87F0, L_00000272D14CC350, C4<1>, C4<1>;
L_00000272D14D36D0 .functor XOR 1, L_00000272D14C87F0, L_00000272D14CC350, C4<0>, C4<0>;
L_00000272D14D3740 .functor AND 1, L_00000272D14CC030, L_00000272D14D36D0, C4<1>, C4<1>;
L_00000272D14D4230 .functor OR 1, L_00000272D14D3510, L_00000272D14D3740, C4<0>, C4<0>;
v00000272D1436630_0 .net *"_ivl_0", 0 0, L_00000272D14D3D60;  1 drivers
v00000272D14359B0_0 .net *"_ivl_4", 0 0, L_00000272D14D3510;  1 drivers
v00000272D14369F0_0 .net *"_ivl_6", 0 0, L_00000272D14D36D0;  1 drivers
v00000272D1435FF0_0 .net *"_ivl_8", 0 0, L_00000272D14D3740;  1 drivers
v00000272D1436130_0 .net "a", 0 0, L_00000272D14C87F0;  1 drivers
v00000272D14366D0_0 .net "b", 0 0, L_00000272D14CC350;  1 drivers
v00000272D1436C70_0 .net "cin", 0 0, L_00000272D14CC030;  1 drivers
v00000272D14357D0_0 .net "cout", 0 0, L_00000272D14D4230;  1 drivers
v00000272D1434B50_0 .net "sum", 0 0, L_00000272D14D34A0;  1 drivers
S_00000272D1433D80 .scope generate, "fa_loop[11]" "fa_loop[11]" 5 19, 5 19 0, S_00000272D1430080;
 .timescale -9 -12;
P_00000272D137A990 .param/l "i" 1 5 19, +C4<01011>;
S_00000272D14340A0 .scope module, "fa" "full_adder" 5 20, 6 1 0, S_00000272D1433D80;
 .timescale -9 -12;
    .port_info 0 /INPUT 1 "a";
    .port_info 1 /INPUT 1 "b";
    .port_info 2 /INPUT 1 "cin";
    .port_info 3 /OUTPUT 1 "sum";
    .port_info 4 /OUTPUT 1 "cout";
L_00000272D14D37B0 .functor XOR 1, L_00000272D14CC210, L_00000272D14CAF50, C4<0>, C4<0>;
L_00000272D14D2A90 .functor XOR 1, L_00000272D14D37B0, L_00000272D14CB270, C4<0>, C4<0>;
L_00000272D14D3DD0 .functor AND 1, L_00000272D14CC210, L_00000272D14CAF50, C4<1>, C4<1>;
L_00000272D14D3E40 .functor XOR 1, L_00000272D14CC210, L_00000272D14CAF50, C4<0>, C4<0>;
L_00000272D14D2B00 .functor AND 1, L_00000272D14CB270, L_00000272D14D3E40, C4<1>, C4<1>;
L_00000272D14D3EB0 .functor OR 1, L_00000272D14D3DD0, L_00000272D14D2B00, C4<0>, C4<0>;
v00000272D1436DB0_0 .net *"_ivl_0", 0 0, L_00000272D14D37B0;  1 drivers
v00000272D1434BF0_0 .net *"_ivl_4", 0 0, L_00000272D14D3DD0;  1 drivers
v00000272D1435C30_0 .net *"_ivl_6", 0 0, L_00000272D14D3E40;  1 drivers
v00000272D1436270_0 .net *"_ivl_8", 0 0, L_00000272D14D2B00;  1 drivers
v00000272D1436950_0 .net "a", 0 0, L_00000272D14CC210;  1 drivers
v00000272D1436E50_0 .net "b", 0 0, L_00000272D14CAF50;  1 drivers
v00000272D1435CD0_0 .net "cin", 0 0, L_00000272D14CB270;  1 drivers
v00000272D1434E70_0 .net "cout", 0 0, L_00000272D14D3EB0;  1 drivers
v00000272D1435690_0 .net "sum", 0 0, L_00000272D14D2A90;  1 drivers
S_00000272D14455D0 .scope generate, "fa_loop[12]" "fa_loop[12]" 5 19, 5 19 0, S_00000272D1430080;
 .timescale -9 -12;
P_00000272D137AB90 .param/l "i" 1 5 19, +C4<01100>;
S_00000272D1445A80 .scope module, "fa" "full_adder" 5 20, 6 1 0, S_00000272D14455D0;
 .timescale -9 -12;
    .port_info 0 /INPUT 1 "a";
    .port_info 1 /INPUT 1 "b";
    .port_info 2 /INPUT 1 "cin";
    .port_info 3 /OUTPUT 1 "sum";
    .port_info 4 /OUTPUT 1 "cout";
L_00000272D14D2B70 .functor XOR 1, L_00000272D14CB810, L_00000272D14CC0D0, C4<0>, C4<0>;
L_00000272D14D2BE0 .functor XOR 1, L_00000272D14D2B70, L_00000272D14CB8B0, C4<0>, C4<0>;
L_00000272D14D8760 .functor AND 1, L_00000272D14CB810, L_00000272D14CC0D0, C4<1>, C4<1>;
L_00000272D14D83E0 .functor XOR 1, L_00000272D14CB810, L_00000272D14CC0D0, C4<0>, C4<0>;
L_00000272D14D9020 .functor AND 1, L_00000272D14CB8B0, L_00000272D14D83E0, C4<1>, C4<1>;
L_00000272D14D7EA0 .functor OR 1, L_00000272D14D8760, L_00000272D14D9020, C4<0>, C4<0>;
v00000272D1436770_0 .net *"_ivl_0", 0 0, L_00000272D14D2B70;  1 drivers
v00000272D1436B30_0 .net *"_ivl_4", 0 0, L_00000272D14D8760;  1 drivers
v00000272D1436310_0 .net *"_ivl_6", 0 0, L_00000272D14D83E0;  1 drivers
v00000272D1435870_0 .net *"_ivl_8", 0 0, L_00000272D14D9020;  1 drivers
v00000272D1436F90_0 .net "a", 0 0, L_00000272D14CB810;  1 drivers
v00000272D14363B0_0 .net "b", 0 0, L_00000272D14CC0D0;  1 drivers
v00000272D1436450_0 .net "cin", 0 0, L_00000272D14CB8B0;  1 drivers
v00000272D1435D70_0 .net "cout", 0 0, L_00000272D14D7EA0;  1 drivers
v00000272D1435410_0 .net "sum", 0 0, L_00000272D14D2BE0;  1 drivers
S_00000272D1444C70 .scope generate, "fa_loop[13]" "fa_loop[13]" 5 19, 5 19 0, S_00000272D1430080;
 .timescale -9 -12;
P_00000272D137A9D0 .param/l "i" 1 5 19, +C4<01101>;
S_00000272D1446250 .scope module, "fa" "full_adder" 5 20, 6 1 0, S_00000272D1444C70;
 .timescale -9 -12;
    .port_info 0 /INPUT 1 "a";
    .port_info 1 /INPUT 1 "b";
    .port_info 2 /INPUT 1 "cin";
    .port_info 3 /OUTPUT 1 "sum";
    .port_info 4 /OUTPUT 1 "cout";
L_00000272D14D8680 .functor XOR 1, L_00000272D14CC170, L_00000272D14CA230, C4<0>, C4<0>;
L_00000272D14D8290 .functor XOR 1, L_00000272D14D8680, L_00000272D14CC7B0, C4<0>, C4<0>;
L_00000272D14D8C30 .functor AND 1, L_00000272D14CC170, L_00000272D14CA230, C4<1>, C4<1>;
L_00000272D14D8D10 .functor XOR 1, L_00000272D14CC170, L_00000272D14CA230, C4<0>, C4<0>;
L_00000272D14D7DC0 .functor AND 1, L_00000272D14CC7B0, L_00000272D14D8D10, C4<1>, C4<1>;
L_00000272D14D7D50 .functor OR 1, L_00000272D14D8C30, L_00000272D14D7DC0, C4<0>, C4<0>;
v00000272D1434FB0_0 .net *"_ivl_0", 0 0, L_00000272D14D8680;  1 drivers
v00000272D1437030_0 .net *"_ivl_4", 0 0, L_00000272D14D8C30;  1 drivers
v00000272D14370D0_0 .net *"_ivl_6", 0 0, L_00000272D14D8D10;  1 drivers
v00000272D1436BD0_0 .net *"_ivl_8", 0 0, L_00000272D14D7DC0;  1 drivers
v00000272D1434D30_0 .net "a", 0 0, L_00000272D14CC170;  1 drivers
v00000272D1434970_0 .net "b", 0 0, L_00000272D14CA230;  1 drivers
v00000272D1434A10_0 .net "cin", 0 0, L_00000272D14CC7B0;  1 drivers
v00000272D1435550_0 .net "cout", 0 0, L_00000272D14D7D50;  1 drivers
v00000272D1435E10_0 .net "sum", 0 0, L_00000272D14D8290;  1 drivers
S_00000272D1444950 .scope generate, "fa_loop[14]" "fa_loop[14]" 5 19, 5 19 0, S_00000272D1430080;
 .timescale -9 -12;
P_00000272D137AAD0 .param/l "i" 1 5 19, +C4<01110>;
S_00000272D14463E0 .scope module, "fa" "full_adder" 5 20, 6 1 0, S_00000272D1444950;
 .timescale -9 -12;
    .port_info 0 /INPUT 1 "a";
    .port_info 1 /INPUT 1 "b";
    .port_info 2 /INPUT 1 "cin";
    .port_info 3 /OUTPUT 1 "sum";
    .port_info 4 /OUTPUT 1 "cout";
L_00000272D14D84C0 .functor XOR 1, L_00000272D14CC2B0, L_00000272D14CA2D0, C4<0>, C4<0>;
L_00000272D14D9480 .functor XOR 1, L_00000272D14D84C0, L_00000272D14CC850, C4<0>, C4<0>;
L_00000272D14D8AE0 .functor AND 1, L_00000272D14CC2B0, L_00000272D14CA2D0, C4<1>, C4<1>;
L_00000272D14D8990 .functor XOR 1, L_00000272D14CC2B0, L_00000272D14CA2D0, C4<0>, C4<0>;
L_00000272D14D7E30 .functor AND 1, L_00000272D14CC850, L_00000272D14D8990, C4<1>, C4<1>;
L_00000272D14D7F10 .functor OR 1, L_00000272D14D8AE0, L_00000272D14D7E30, C4<0>, C4<0>;
v00000272D1434DD0_0 .net *"_ivl_0", 0 0, L_00000272D14D84C0;  1 drivers
v00000272D1434AB0_0 .net *"_ivl_4", 0 0, L_00000272D14D8AE0;  1 drivers
v00000272D1435050_0 .net *"_ivl_6", 0 0, L_00000272D14D8990;  1 drivers
v00000272D14364F0_0 .net *"_ivl_8", 0 0, L_00000272D14D7E30;  1 drivers
v00000272D14350F0_0 .net "a", 0 0, L_00000272D14CC2B0;  1 drivers
v00000272D1435190_0 .net "b", 0 0, L_00000272D14CA2D0;  1 drivers
v00000272D1435730_0 .net "cin", 0 0, L_00000272D14CC850;  1 drivers
v00000272D1435910_0 .net "cout", 0 0, L_00000272D14D7F10;  1 drivers
v00000272D1439150_0 .net "sum", 0 0, L_00000272D14D9480;  1 drivers
S_00000272D1445760 .scope generate, "fa_loop[15]" "fa_loop[15]" 5 19, 5 19 0, S_00000272D1430080;
 .timescale -9 -12;
P_00000272D137AC10 .param/l "i" 1 5 19, +C4<01111>;
S_00000272D1446570 .scope module, "fa" "full_adder" 5 20, 6 1 0, S_00000272D1445760;
 .timescale -9 -12;
    .port_info 0 /INPUT 1 "a";
    .port_info 1 /INPUT 1 "b";
    .port_info 2 /INPUT 1 "cin";
    .port_info 3 /OUTPUT 1 "sum";
    .port_info 4 /OUTPUT 1 "cout";
L_00000272D14D8530 .functor XOR 1, L_00000272D14CBBD0, L_00000272D14CBE50, C4<0>, C4<0>;
L_00000272D14D94F0 .functor XOR 1, L_00000272D14D8530, L_00000272D14CAB90, C4<0>, C4<0>;
L_00000272D14D8B50 .functor AND 1, L_00000272D14CBBD0, L_00000272D14CBE50, C4<1>, C4<1>;
L_00000272D14D8A00 .functor XOR 1, L_00000272D14CBBD0, L_00000272D14CBE50, C4<0>, C4<0>;
L_00000272D14D8A70 .functor AND 1, L_00000272D14CAB90, L_00000272D14D8A00, C4<1>, C4<1>;
L_00000272D14D7B20 .functor OR 1, L_00000272D14D8B50, L_00000272D14D8A70, C4<0>, C4<0>;
v00000272D1437490_0 .net *"_ivl_0", 0 0, L_00000272D14D8530;  1 drivers
v00000272D1438250_0 .net *"_ivl_4", 0 0, L_00000272D14D8B50;  1 drivers
v00000272D14390B0_0 .net *"_ivl_6", 0 0, L_00000272D14D8A00;  1 drivers
v00000272D14386B0_0 .net *"_ivl_8", 0 0, L_00000272D14D8A70;  1 drivers
v00000272D1438610_0 .net "a", 0 0, L_00000272D14CBBD0;  1 drivers
v00000272D14382F0_0 .net "b", 0 0, L_00000272D14CBE50;  1 drivers
v00000272D1437850_0 .net "cin", 0 0, L_00000272D14CAB90;  1 drivers
v00000272D1437FD0_0 .net "cout", 0 0, L_00000272D14D7B20;  1 drivers
v00000272D14396F0_0 .net "sum", 0 0, L_00000272D14D94F0;  1 drivers
S_00000272D1445440 .scope generate, "fa_loop[16]" "fa_loop[16]" 5 19, 5 19 0, S_00000272D1430080;
 .timescale -9 -12;
P_00000272D137ACD0 .param/l "i" 1 5 19, +C4<010000>;
S_00000272D1445C10 .scope module, "fa" "full_adder" 5 20, 6 1 0, S_00000272D1445440;
 .timescale -9 -12;
    .port_info 0 /INPUT 1 "a";
    .port_info 1 /INPUT 1 "b";
    .port_info 2 /INPUT 1 "cin";
    .port_info 3 /OUTPUT 1 "sum";
    .port_info 4 /OUTPUT 1 "cout";
L_00000272D14D93A0 .functor XOR 1, L_00000272D14CA550, L_00000272D14CAAF0, C4<0>, C4<0>;
L_00000272D14D7F80 .functor XOR 1, L_00000272D14D93A0, L_00000272D14CC3F0, C4<0>, C4<0>;
L_00000272D14D9090 .functor AND 1, L_00000272D14CA550, L_00000272D14CAAF0, C4<1>, C4<1>;
L_00000272D14D8CA0 .functor XOR 1, L_00000272D14CA550, L_00000272D14CAAF0, C4<0>, C4<0>;
L_00000272D14D9100 .functor AND 1, L_00000272D14CC3F0, L_00000272D14D8CA0, C4<1>, C4<1>;
L_00000272D14D8220 .functor OR 1, L_00000272D14D9090, L_00000272D14D9100, C4<0>, C4<0>;
v00000272D1438750_0 .net *"_ivl_0", 0 0, L_00000272D14D93A0;  1 drivers
v00000272D1439470_0 .net *"_ivl_4", 0 0, L_00000272D14D9090;  1 drivers
v00000272D1437350_0 .net *"_ivl_6", 0 0, L_00000272D14D8CA0;  1 drivers
v00000272D1437990_0 .net *"_ivl_8", 0 0, L_00000272D14D9100;  1 drivers
v00000272D1438C50_0 .net "a", 0 0, L_00000272D14CA550;  1 drivers
v00000272D14378F0_0 .net "b", 0 0, L_00000272D14CAAF0;  1 drivers
v00000272D14391F0_0 .net "cin", 0 0, L_00000272D14CC3F0;  1 drivers
v00000272D1437CB0_0 .net "cout", 0 0, L_00000272D14D8220;  1 drivers
v00000272D1439510_0 .net "sum", 0 0, L_00000272D14D7F80;  1 drivers
S_00000272D1444E00 .scope generate, "fa_loop[17]" "fa_loop[17]" 5 19, 5 19 0, S_00000272D1430080;
 .timescale -9 -12;
P_00000272D137AD10 .param/l "i" 1 5 19, +C4<010001>;
S_00000272D1446700 .scope module, "fa" "full_adder" 5 20, 6 1 0, S_00000272D1444E00;
 .timescale -9 -12;
    .port_info 0 /INPUT 1 "a";
    .port_info 1 /INPUT 1 "b";
    .port_info 2 /INPUT 1 "cin";
    .port_info 3 /OUTPUT 1 "sum";
    .port_info 4 /OUTPUT 1 "cout";
L_00000272D14D8300 .functor XOR 1, L_00000272D14CB310, L_00000272D14CC5D0, C4<0>, C4<0>;
L_00000272D14D8BC0 .functor XOR 1, L_00000272D14D8300, L_00000272D14CB770, C4<0>, C4<0>;
L_00000272D14D8D80 .functor AND 1, L_00000272D14CB310, L_00000272D14CC5D0, C4<1>, C4<1>;
L_00000272D14D7FF0 .functor XOR 1, L_00000272D14CB310, L_00000272D14CC5D0, C4<0>, C4<0>;
L_00000272D14D9330 .functor AND 1, L_00000272D14CB770, L_00000272D14D7FF0, C4<1>, C4<1>;
L_00000272D14D8370 .functor OR 1, L_00000272D14D8D80, L_00000272D14D9330, C4<0>, C4<0>;
v00000272D1437B70_0 .net *"_ivl_0", 0 0, L_00000272D14D8300;  1 drivers
v00000272D1438430_0 .net *"_ivl_4", 0 0, L_00000272D14D8D80;  1 drivers
v00000272D1437E90_0 .net *"_ivl_6", 0 0, L_00000272D14D7FF0;  1 drivers
v00000272D14395B0_0 .net *"_ivl_8", 0 0, L_00000272D14D9330;  1 drivers
v00000272D1439650_0 .net "a", 0 0, L_00000272D14CB310;  1 drivers
v00000272D1438390_0 .net "b", 0 0, L_00000272D14CC5D0;  1 drivers
v00000272D1437A30_0 .net "cin", 0 0, L_00000272D14CB770;  1 drivers
v00000272D1439790_0 .net "cout", 0 0, L_00000272D14D8370;  1 drivers
v00000272D14384D0_0 .net "sum", 0 0, L_00000272D14D8BC0;  1 drivers
S_00000272D1444F90 .scope generate, "fa_loop[18]" "fa_loop[18]" 5 19, 5 19 0, S_00000272D1430080;
 .timescale -9 -12;
P_00000272D137AD90 .param/l "i" 1 5 19, +C4<010010>;
S_00000272D1444AE0 .scope module, "fa" "full_adder" 5 20, 6 1 0, S_00000272D1444F90;
 .timescale -9 -12;
    .port_info 0 /INPUT 1 "a";
    .port_info 1 /INPUT 1 "b";
    .port_info 2 /INPUT 1 "cin";
    .port_info 3 /OUTPUT 1 "sum";
    .port_info 4 /OUTPUT 1 "cout";
L_00000272D14D8450 .functor XOR 1, L_00000272D14CBA90, L_00000272D14CA410, C4<0>, C4<0>;
L_00000272D14D7C70 .functor XOR 1, L_00000272D14D8450, L_00000272D14CA370, C4<0>, C4<0>;
L_00000272D14D8840 .functor AND 1, L_00000272D14CBA90, L_00000272D14CA410, C4<1>, C4<1>;
L_00000272D14D9170 .functor XOR 1, L_00000272D14CBA90, L_00000272D14CA410, C4<0>, C4<0>;
L_00000272D14D85A0 .functor AND 1, L_00000272D14CA370, L_00000272D14D9170, C4<1>, C4<1>;
L_00000272D14D7CE0 .functor OR 1, L_00000272D14D8840, L_00000272D14D85A0, C4<0>, C4<0>;
v00000272D1439830_0 .net *"_ivl_0", 0 0, L_00000272D14D8450;  1 drivers
v00000272D1438F70_0 .net *"_ivl_4", 0 0, L_00000272D14D8840;  1 drivers
v00000272D14398D0_0 .net *"_ivl_6", 0 0, L_00000272D14D9170;  1 drivers
v00000272D14381B0_0 .net *"_ivl_8", 0 0, L_00000272D14D85A0;  1 drivers
v00000272D1438ED0_0 .net "a", 0 0, L_00000272D14CBA90;  1 drivers
v00000272D1438CF0_0 .net "b", 0 0, L_00000272D14CA410;  1 drivers
v00000272D1438570_0 .net "cin", 0 0, L_00000272D14CA370;  1 drivers
v00000272D1438A70_0 .net "cout", 0 0, L_00000272D14D7CE0;  1 drivers
v00000272D1437AD0_0 .net "sum", 0 0, L_00000272D14D7C70;  1 drivers
S_00000272D1445120 .scope generate, "fa_loop[19]" "fa_loop[19]" 5 19, 5 19 0, S_00000272D1430080;
 .timescale -9 -12;
P_00000272D137BE10 .param/l "i" 1 5 19, +C4<010011>;
S_00000272D14460C0 .scope module, "fa" "full_adder" 5 20, 6 1 0, S_00000272D1445120;
 .timescale -9 -12;
    .port_info 0 /INPUT 1 "a";
    .port_info 1 /INPUT 1 "b";
    .port_info 2 /INPUT 1 "cin";
    .port_info 3 /OUTPUT 1 "sum";
    .port_info 4 /OUTPUT 1 "cout";
L_00000272D14D8060 .functor XOR 1, L_00000272D14CB4F0, L_00000272D14CC490, C4<0>, C4<0>;
L_00000272D14D9250 .functor XOR 1, L_00000272D14D8060, L_00000272D14CBB30, C4<0>, C4<0>;
L_00000272D14D8DF0 .functor AND 1, L_00000272D14CB4F0, L_00000272D14CC490, C4<1>, C4<1>;
L_00000272D14D8610 .functor XOR 1, L_00000272D14CB4F0, L_00000272D14CC490, C4<0>, C4<0>;
L_00000272D14D8140 .functor AND 1, L_00000272D14CBB30, L_00000272D14D8610, C4<1>, C4<1>;
L_00000272D14D86F0 .functor OR 1, L_00000272D14D8DF0, L_00000272D14D8140, C4<0>, C4<0>;
v00000272D1437F30_0 .net *"_ivl_0", 0 0, L_00000272D14D8060;  1 drivers
v00000272D14389D0_0 .net *"_ivl_4", 0 0, L_00000272D14D8DF0;  1 drivers
v00000272D14387F0_0 .net *"_ivl_6", 0 0, L_00000272D14D8610;  1 drivers
v00000272D1437530_0 .net *"_ivl_8", 0 0, L_00000272D14D8140;  1 drivers
v00000272D1437170_0 .net "a", 0 0, L_00000272D14CB4F0;  1 drivers
v00000272D14375D0_0 .net "b", 0 0, L_00000272D14CC490;  1 drivers
v00000272D1438B10_0 .net "cin", 0 0, L_00000272D14CBB30;  1 drivers
v00000272D1437210_0 .net "cout", 0 0, L_00000272D14D86F0;  1 drivers
v00000272D14372B0_0 .net "sum", 0 0, L_00000272D14D9250;  1 drivers
S_00000272D14452B0 .scope generate, "fa_loop[20]" "fa_loop[20]" 5 19, 5 19 0, S_00000272D1430080;
 .timescale -9 -12;
P_00000272D137B350 .param/l "i" 1 5 19, +C4<010100>;
S_00000272D14458F0 .scope module, "fa" "full_adder" 5 20, 6 1 0, S_00000272D14452B0;
 .timescale -9 -12;
    .port_info 0 /INPUT 1 "a";
    .port_info 1 /INPUT 1 "b";
    .port_info 2 /INPUT 1 "cin";
    .port_info 3 /OUTPUT 1 "sum";
    .port_info 4 /OUTPUT 1 "cout";
L_00000272D14D92C0 .functor XOR 1, L_00000272D14CBC70, L_00000272D14CC8F0, C4<0>, C4<0>;
L_00000272D14D8E60 .functor XOR 1, L_00000272D14D92C0, L_00000272D14CC670, C4<0>, C4<0>;
L_00000272D14D87D0 .functor AND 1, L_00000272D14CBC70, L_00000272D14CC8F0, C4<1>, C4<1>;
L_00000272D14D8ED0 .functor XOR 1, L_00000272D14CBC70, L_00000272D14CC8F0, C4<0>, C4<0>;
L_00000272D14D88B0 .functor AND 1, L_00000272D14CC670, L_00000272D14D8ED0, C4<1>, C4<1>;
L_00000272D14D8920 .functor OR 1, L_00000272D14D87D0, L_00000272D14D88B0, C4<0>, C4<0>;
v00000272D1437670_0 .net *"_ivl_0", 0 0, L_00000272D14D92C0;  1 drivers
v00000272D1437C10_0 .net *"_ivl_4", 0 0, L_00000272D14D87D0;  1 drivers
v00000272D14373F0_0 .net *"_ivl_6", 0 0, L_00000272D14D8ED0;  1 drivers
v00000272D1438070_0 .net *"_ivl_8", 0 0, L_00000272D14D88B0;  1 drivers
v00000272D1437D50_0 .net "a", 0 0, L_00000272D14CBC70;  1 drivers
v00000272D1437710_0 .net "b", 0 0, L_00000272D14CC8F0;  1 drivers
v00000272D14377B0_0 .net "cin", 0 0, L_00000272D14CC670;  1 drivers
v00000272D1437DF0_0 .net "cout", 0 0, L_00000272D14D8920;  1 drivers
v00000272D1439010_0 .net "sum", 0 0, L_00000272D14D8E60;  1 drivers
S_00000272D1445DA0 .scope generate, "fa_loop[21]" "fa_loop[21]" 5 19, 5 19 0, S_00000272D1430080;
 .timescale -9 -12;
P_00000272D137B910 .param/l "i" 1 5 19, +C4<010101>;
S_00000272D1445F30 .scope module, "fa" "full_adder" 5 20, 6 1 0, S_00000272D1445DA0;
 .timescale -9 -12;
    .port_info 0 /INPUT 1 "a";
    .port_info 1 /INPUT 1 "b";
    .port_info 2 /INPUT 1 "cin";
    .port_info 3 /OUTPUT 1 "sum";
    .port_info 4 /OUTPUT 1 "cout";
L_00000272D14D91E0 .functor XOR 1, L_00000272D14CB3B0, L_00000272D14CAC30, C4<0>, C4<0>;
L_00000272D14D80D0 .functor XOR 1, L_00000272D14D91E0, L_00000272D14CA5F0, C4<0>, C4<0>;
L_00000272D14D9410 .functor AND 1, L_00000272D14CB3B0, L_00000272D14CAC30, C4<1>, C4<1>;
L_00000272D14D8F40 .functor XOR 1, L_00000272D14CB3B0, L_00000272D14CAC30, C4<0>, C4<0>;
L_00000272D14D9560 .functor AND 1, L_00000272D14CA5F0, L_00000272D14D8F40, C4<1>, C4<1>;
L_00000272D14D8FB0 .functor OR 1, L_00000272D14D9410, L_00000272D14D9560, C4<0>, C4<0>;
v00000272D1438110_0 .net *"_ivl_0", 0 0, L_00000272D14D91E0;  1 drivers
v00000272D1438890_0 .net *"_ivl_4", 0 0, L_00000272D14D9410;  1 drivers
v00000272D1439290_0 .net *"_ivl_6", 0 0, L_00000272D14D8F40;  1 drivers
v00000272D1438930_0 .net *"_ivl_8", 0 0, L_00000272D14D9560;  1 drivers
v00000272D1438BB0_0 .net "a", 0 0, L_00000272D14CB3B0;  1 drivers
v00000272D1438D90_0 .net "b", 0 0, L_00000272D14CAC30;  1 drivers
v00000272D1438E30_0 .net "cin", 0 0, L_00000272D14CA5F0;  1 drivers
v00000272D1439330_0 .net "cout", 0 0, L_00000272D14D8FB0;  1 drivers
v00000272D14393D0_0 .net "sum", 0 0, L_00000272D14D80D0;  1 drivers
S_00000272D1452730 .scope generate, "fa_loop[22]" "fa_loop[22]" 5 19, 5 19 0, S_00000272D1430080;
 .timescale -9 -12;
P_00000272D137B990 .param/l "i" 1 5 19, +C4<010110>;
S_00000272D1452A50 .scope module, "fa" "full_adder" 5 20, 6 1 0, S_00000272D1452730;
 .timescale -9 -12;
    .port_info 0 /INPUT 1 "a";
    .port_info 1 /INPUT 1 "b";
    .port_info 2 /INPUT 1 "cin";
    .port_info 3 /OUTPUT 1 "sum";
    .port_info 4 /OUTPUT 1 "cout";
L_00000272D14D7AB0 .functor XOR 1, L_00000272D14CB130, L_00000272D14CB950, C4<0>, C4<0>;
L_00000272D14D95D0 .functor XOR 1, L_00000272D14D7AB0, L_00000272D14CB630, C4<0>, C4<0>;
L_00000272D14D7A40 .functor AND 1, L_00000272D14CB130, L_00000272D14CB950, C4<1>, C4<1>;
L_00000272D14D7B90 .functor XOR 1, L_00000272D14CB130, L_00000272D14CB950, C4<0>, C4<0>;
L_00000272D14D7C00 .functor AND 1, L_00000272D14CB630, L_00000272D14D7B90, C4<1>, C4<1>;
L_00000272D14D81B0 .functor OR 1, L_00000272D14D7A40, L_00000272D14D7C00, C4<0>, C4<0>;
v00000272D143B4F0_0 .net *"_ivl_0", 0 0, L_00000272D14D7AB0;  1 drivers
v00000272D143A730_0 .net *"_ivl_4", 0 0, L_00000272D14D7A40;  1 drivers
v00000272D143A9B0_0 .net *"_ivl_6", 0 0, L_00000272D14D7B90;  1 drivers
v00000272D143A7D0_0 .net *"_ivl_8", 0 0, L_00000272D14D7C00;  1 drivers
v00000272D143A870_0 .net "a", 0 0, L_00000272D14CB130;  1 drivers
v00000272D143B310_0 .net "b", 0 0, L_00000272D14CB950;  1 drivers
v00000272D1439D30_0 .net "cin", 0 0, L_00000272D14CB630;  1 drivers
v00000272D143AA50_0 .net "cout", 0 0, L_00000272D14D81B0;  1 drivers
v00000272D143BD10_0 .net "sum", 0 0, L_00000272D14D95D0;  1 drivers
S_00000272D1450E30 .scope generate, "fa_loop[23]" "fa_loop[23]" 5 19, 5 19 0, S_00000272D1430080;
 .timescale -9 -12;
P_00000272D137B750 .param/l "i" 1 5 19, +C4<010111>;
S_00000272D1450CA0 .scope module, "fa" "full_adder" 5 20, 6 1 0, S_00000272D1450E30;
 .timescale -9 -12;
    .port_info 0 /INPUT 1 "a";
    .port_info 1 /INPUT 1 "b";
    .port_info 2 /INPUT 1 "cin";
    .port_info 3 /OUTPUT 1 "sum";
    .port_info 4 /OUTPUT 1 "cout";
L_00000272D14D9E20 .functor XOR 1, L_00000272D14CC710, L_00000272D14CBD10, C4<0>, C4<0>;
L_00000272D14DA670 .functor XOR 1, L_00000272D14D9E20, L_00000272D14CA690, C4<0>, C4<0>;
L_00000272D14D9E90 .functor AND 1, L_00000272D14CC710, L_00000272D14CBD10, C4<1>, C4<1>;
L_00000272D14DAB40 .functor XOR 1, L_00000272D14CC710, L_00000272D14CBD10, C4<0>, C4<0>;
L_00000272D14DABB0 .functor AND 1, L_00000272D14CA690, L_00000272D14DAB40, C4<1>, C4<1>;
L_00000272D14DA750 .functor OR 1, L_00000272D14D9E90, L_00000272D14DABB0, C4<0>, C4<0>;
v00000272D143B450_0 .net *"_ivl_0", 0 0, L_00000272D14D9E20;  1 drivers
v00000272D1439A10_0 .net *"_ivl_4", 0 0, L_00000272D14D9E90;  1 drivers
v00000272D143B630_0 .net *"_ivl_6", 0 0, L_00000272D14DAB40;  1 drivers
v00000272D1439DD0_0 .net *"_ivl_8", 0 0, L_00000272D14DABB0;  1 drivers
v00000272D143B270_0 .net "a", 0 0, L_00000272D14CC710;  1 drivers
v00000272D1439B50_0 .net "b", 0 0, L_00000272D14CBD10;  1 drivers
v00000272D1439970_0 .net "cin", 0 0, L_00000272D14CA690;  1 drivers
v00000272D143AAF0_0 .net "cout", 0 0, L_00000272D14DA750;  1 drivers
v00000272D143A0F0_0 .net "sum", 0 0, L_00000272D14DA670;  1 drivers
S_00000272D1453220 .scope generate, "fa_loop[24]" "fa_loop[24]" 5 19, 5 19 0, S_00000272D1430080;
 .timescale -9 -12;
P_00000272D137B390 .param/l "i" 1 5 19, +C4<011000>;
S_00000272D1450FC0 .scope module, "fa" "full_adder" 5 20, 6 1 0, S_00000272D1453220;
 .timescale -9 -12;
    .port_info 0 /INPUT 1 "a";
    .port_info 1 /INPUT 1 "b";
    .port_info 2 /INPUT 1 "cin";
    .port_info 3 /OUTPUT 1 "sum";
    .port_info 4 /OUTPUT 1 "cout";
L_00000272D14D9AA0 .functor XOR 1, L_00000272D14CAEB0, L_00000272D14CA7D0, C4<0>, C4<0>;
L_00000272D14DB160 .functor XOR 1, L_00000272D14D9AA0, L_00000272D14CA730, C4<0>, C4<0>;
L_00000272D14DA440 .functor AND 1, L_00000272D14CAEB0, L_00000272D14CA7D0, C4<1>, C4<1>;
L_00000272D14DA9F0 .functor XOR 1, L_00000272D14CAEB0, L_00000272D14CA7D0, C4<0>, C4<0>;
L_00000272D14D99C0 .functor AND 1, L_00000272D14CA730, L_00000272D14DA9F0, C4<1>, C4<1>;
L_00000272D14DAC90 .functor OR 1, L_00000272D14DA440, L_00000272D14D99C0, C4<0>, C4<0>;
v00000272D143A4B0_0 .net *"_ivl_0", 0 0, L_00000272D14D9AA0;  1 drivers
v00000272D143A230_0 .net *"_ivl_4", 0 0, L_00000272D14DA440;  1 drivers
v00000272D143B810_0 .net *"_ivl_6", 0 0, L_00000272D14DA9F0;  1 drivers
v00000272D143A410_0 .net *"_ivl_8", 0 0, L_00000272D14D99C0;  1 drivers
v00000272D143A910_0 .net "a", 0 0, L_00000272D14CAEB0;  1 drivers
v00000272D143AC30_0 .net "b", 0 0, L_00000272D14CA7D0;  1 drivers
v00000272D143AB90_0 .net "cin", 0 0, L_00000272D14CA730;  1 drivers
v00000272D143A050_0 .net "cout", 0 0, L_00000272D14DAC90;  1 drivers
v00000272D143ACD0_0 .net "sum", 0 0, L_00000272D14DB160;  1 drivers
S_00000272D1453540 .scope generate, "fa_loop[25]" "fa_loop[25]" 5 19, 5 19 0, S_00000272D1430080;
 .timescale -9 -12;
P_00000272D137C110 .param/l "i" 1 5 19, +C4<011001>;
S_00000272D1451C40 .scope module, "fa" "full_adder" 5 20, 6 1 0, S_00000272D1453540;
 .timescale -9 -12;
    .port_info 0 /INPUT 1 "a";
    .port_info 1 /INPUT 1 "b";
    .port_info 2 /INPUT 1 "cin";
    .port_info 3 /OUTPUT 1 "sum";
    .port_info 4 /OUTPUT 1 "cout";
L_00000272D14DA7C0 .functor XOR 1, L_00000272D14CB1D0, L_00000272D14CB9F0, C4<0>, C4<0>;
L_00000272D14DA980 .functor XOR 1, L_00000272D14DA7C0, L_00000272D14CBEF0, C4<0>, C4<0>;
L_00000272D14D9950 .functor AND 1, L_00000272D14CB1D0, L_00000272D14CB9F0, C4<1>, C4<1>;
L_00000272D14D9FE0 .functor XOR 1, L_00000272D14CB1D0, L_00000272D14CB9F0, C4<0>, C4<0>;
L_00000272D14D9F70 .functor AND 1, L_00000272D14CBEF0, L_00000272D14D9FE0, C4<1>, C4<1>;
L_00000272D14DA1A0 .functor OR 1, L_00000272D14D9950, L_00000272D14D9F70, C4<0>, C4<0>;
v00000272D143AEB0_0 .net *"_ivl_0", 0 0, L_00000272D14DA7C0;  1 drivers
v00000272D143AF50_0 .net *"_ivl_4", 0 0, L_00000272D14D9950;  1 drivers
v00000272D143BC70_0 .net *"_ivl_6", 0 0, L_00000272D14D9FE0;  1 drivers
v00000272D1439BF0_0 .net *"_ivl_8", 0 0, L_00000272D14D9F70;  1 drivers
v00000272D143B8B0_0 .net "a", 0 0, L_00000272D14CB1D0;  1 drivers
v00000272D143B090_0 .net "b", 0 0, L_00000272D14CB9F0;  1 drivers
v00000272D143AD70_0 .net "cin", 0 0, L_00000272D14CBEF0;  1 drivers
v00000272D143A190_0 .net "cout", 0 0, L_00000272D14DA1A0;  1 drivers
v00000272D143B9F0_0 .net "sum", 0 0, L_00000272D14DA980;  1 drivers
S_00000272D1454030 .scope generate, "fa_loop[26]" "fa_loop[26]" 5 19, 5 19 0, S_00000272D1430080;
 .timescale -9 -12;
P_00000272D137B4D0 .param/l "i" 1 5 19, +C4<011010>;
S_00000272D1451790 .scope module, "fa" "full_adder" 5 20, 6 1 0, S_00000272D1454030;
 .timescale -9 -12;
    .port_info 0 /INPUT 1 "a";
    .port_info 1 /INPUT 1 "b";
    .port_info 2 /INPUT 1 "cin";
    .port_info 3 /OUTPUT 1 "sum";
    .port_info 4 /OUTPUT 1 "cout";
L_00000272D14D9870 .functor XOR 1, L_00000272D14CB450, L_00000272D14CA9B0, C4<0>, C4<0>;
L_00000272D14DA4B0 .functor XOR 1, L_00000272D14D9870, L_00000272D14CBDB0, C4<0>, C4<0>;
L_00000272D14DAD70 .functor AND 1, L_00000272D14CB450, L_00000272D14CA9B0, C4<1>, C4<1>;
L_00000272D14DA3D0 .functor XOR 1, L_00000272D14CB450, L_00000272D14CA9B0, C4<0>, C4<0>;
L_00000272D14D98E0 .functor AND 1, L_00000272D14CBDB0, L_00000272D14DA3D0, C4<1>, C4<1>;
L_00000272D14DA830 .functor OR 1, L_00000272D14DAD70, L_00000272D14D98E0, C4<0>, C4<0>;
v00000272D143B3B0_0 .net *"_ivl_0", 0 0, L_00000272D14D9870;  1 drivers
v00000272D143A370_0 .net *"_ivl_4", 0 0, L_00000272D14DAD70;  1 drivers
v00000272D143AE10_0 .net *"_ivl_6", 0 0, L_00000272D14DA3D0;  1 drivers
v00000272D143A690_0 .net *"_ivl_8", 0 0, L_00000272D14D98E0;  1 drivers
v00000272D143AFF0_0 .net "a", 0 0, L_00000272D14CB450;  1 drivers
v00000272D143B6D0_0 .net "b", 0 0, L_00000272D14CA9B0;  1 drivers
v00000272D143B130_0 .net "cin", 0 0, L_00000272D14CBDB0;  1 drivers
v00000272D143B1D0_0 .net "cout", 0 0, L_00000272D14DA830;  1 drivers
v00000272D143A2D0_0 .net "sum", 0 0, L_00000272D14DA4B0;  1 drivers
S_00000272D14541C0 .scope generate, "fa_loop[27]" "fa_loop[27]" 5 19, 5 19 0, S_00000272D1430080;
 .timescale -9 -12;
P_00000272D137BB10 .param/l "i" 1 5 19, +C4<011011>;
S_00000272D1452BE0 .scope module, "fa" "full_adder" 5 20, 6 1 0, S_00000272D14541C0;
 .timescale -9 -12;
    .port_info 0 /INPUT 1 "a";
    .port_info 1 /INPUT 1 "b";
    .port_info 2 /INPUT 1 "cin";
    .port_info 3 /OUTPUT 1 "sum";
    .port_info 4 /OUTPUT 1 "cout";
L_00000272D14DAE50 .functor XOR 1, L_00000272D14CBF90, L_00000272D14CB590, C4<0>, C4<0>;
L_00000272D14DA8A0 .functor XOR 1, L_00000272D14DAE50, L_00000272D14CC530, C4<0>, C4<0>;
L_00000272D14DA050 .functor AND 1, L_00000272D14CBF90, L_00000272D14CB590, C4<1>, C4<1>;
L_00000272D14DAEC0 .functor XOR 1, L_00000272D14CBF90, L_00000272D14CB590, C4<0>, C4<0>;
L_00000272D14DA210 .functor AND 1, L_00000272D14CC530, L_00000272D14DAEC0, C4<1>, C4<1>;
L_00000272D14DB0F0 .functor OR 1, L_00000272D14DA050, L_00000272D14DA210, C4<0>, C4<0>;
v00000272D1439FB0_0 .net *"_ivl_0", 0 0, L_00000272D14DAE50;  1 drivers
v00000272D143BDB0_0 .net *"_ivl_4", 0 0, L_00000272D14DA050;  1 drivers
v00000272D143B770_0 .net *"_ivl_6", 0 0, L_00000272D14DAEC0;  1 drivers
v00000272D143C0D0_0 .net *"_ivl_8", 0 0, L_00000272D14DA210;  1 drivers
v00000272D1439E70_0 .net "a", 0 0, L_00000272D14CBF90;  1 drivers
v00000272D143BE50_0 .net "b", 0 0, L_00000272D14CB590;  1 drivers
v00000272D143BBD0_0 .net "cin", 0 0, L_00000272D14CC530;  1 drivers
v00000272D143B590_0 .net "cout", 0 0, L_00000272D14DB0F0;  1 drivers
v00000272D143BA90_0 .net "sum", 0 0, L_00000272D14DA8A0;  1 drivers
S_00000272D1451150 .scope generate, "fa_loop[28]" "fa_loop[28]" 5 19, 5 19 0, S_00000272D1430080;
 .timescale -9 -12;
P_00000272D137BE90 .param/l "i" 1 5 19, +C4<011100>;
S_00000272D14512E0 .scope module, "fa" "full_adder" 5 20, 6 1 0, S_00000272D1451150;
 .timescale -9 -12;
    .port_info 0 /INPUT 1 "a";
    .port_info 1 /INPUT 1 "b";
    .port_info 2 /INPUT 1 "cin";
    .port_info 3 /OUTPUT 1 "sum";
    .port_info 4 /OUTPUT 1 "cout";
L_00000272D14D9A30 .functor XOR 1, L_00000272D14CC990, L_00000272D14CA4B0, C4<0>, C4<0>;
L_00000272D14DAAD0 .functor XOR 1, L_00000272D14D9A30, L_00000272D14CA870, C4<0>, C4<0>;
L_00000272D14DB010 .functor AND 1, L_00000272D14CC990, L_00000272D14CA4B0, C4<1>, C4<1>;
L_00000272D14DAD00 .functor XOR 1, L_00000272D14CC990, L_00000272D14CA4B0, C4<0>, C4<0>;
L_00000272D14DA910 .functor AND 1, L_00000272D14CA870, L_00000272D14DAD00, C4<1>, C4<1>;
L_00000272D14DA520 .functor OR 1, L_00000272D14DB010, L_00000272D14DA910, C4<0>, C4<0>;
v00000272D143B950_0 .net *"_ivl_0", 0 0, L_00000272D14D9A30;  1 drivers
v00000272D143BB30_0 .net *"_ivl_4", 0 0, L_00000272D14DB010;  1 drivers
v00000272D1439AB0_0 .net *"_ivl_6", 0 0, L_00000272D14DAD00;  1 drivers
v00000272D143BEF0_0 .net *"_ivl_8", 0 0, L_00000272D14DA910;  1 drivers
v00000272D143BF90_0 .net "a", 0 0, L_00000272D14CC990;  1 drivers
v00000272D1439C90_0 .net "b", 0 0, L_00000272D14CA4B0;  1 drivers
v00000272D143C030_0 .net "cin", 0 0, L_00000272D14CA870;  1 drivers
v00000272D143A550_0 .net "cout", 0 0, L_00000272D14DA520;  1 drivers
v00000272D1439F10_0 .net "sum", 0 0, L_00000272D14DAAD0;  1 drivers
S_00000272D1451470 .scope generate, "fa_loop[29]" "fa_loop[29]" 5 19, 5 19 0, S_00000272D1430080;
 .timescale -9 -12;
P_00000272D137B510 .param/l "i" 1 5 19, +C4<011101>;
S_00000272D14525A0 .scope module, "fa" "full_adder" 5 20, 6 1 0, S_00000272D1451470;
 .timescale -9 -12;
    .port_info 0 /INPUT 1 "a";
    .port_info 1 /INPUT 1 "b";
    .port_info 2 /INPUT 1 "cin";
    .port_info 3 /OUTPUT 1 "sum";
    .port_info 4 /OUTPUT 1 "cout";
L_00000272D14DA0C0 .functor XOR 1, L_00000272D14CA910, L_00000272D14CB6D0, C4<0>, C4<0>;
L_00000272D14DA590 .functor XOR 1, L_00000272D14DA0C0, L_00000272D14CAA50, C4<0>, C4<0>;
L_00000272D14DA280 .functor AND 1, L_00000272D14CA910, L_00000272D14CB6D0, C4<1>, C4<1>;
L_00000272D14DA2F0 .functor XOR 1, L_00000272D14CA910, L_00000272D14CB6D0, C4<0>, C4<0>;
L_00000272D14D9F00 .functor AND 1, L_00000272D14CAA50, L_00000272D14DA2F0, C4<1>, C4<1>;
L_00000272D14DA130 .functor OR 1, L_00000272D14DA280, L_00000272D14D9F00, C4<0>, C4<0>;
v00000272D143A5F0_0 .net *"_ivl_0", 0 0, L_00000272D14DA0C0;  1 drivers
v00000272D143C670_0 .net *"_ivl_4", 0 0, L_00000272D14DA280;  1 drivers
v00000272D143CAD0_0 .net *"_ivl_6", 0 0, L_00000272D14DA2F0;  1 drivers
v00000272D143E150_0 .net *"_ivl_8", 0 0, L_00000272D14D9F00;  1 drivers
v00000272D143C350_0 .net "a", 0 0, L_00000272D14CA910;  1 drivers
v00000272D143D070_0 .net "b", 0 0, L_00000272D14CB6D0;  1 drivers
v00000272D143CFD0_0 .net "cin", 0 0, L_00000272D14CAA50;  1 drivers
v00000272D143E510_0 .net "cout", 0 0, L_00000272D14DA130;  1 drivers
v00000272D143CD50_0 .net "sum", 0 0, L_00000272D14DA590;  1 drivers
S_00000272D1452D70 .scope generate, "fa_loop[30]" "fa_loop[30]" 5 19, 5 19 0, S_00000272D1430080;
 .timescale -9 -12;
P_00000272D137B590 .param/l "i" 1 5 19, +C4<011110>;
S_00000272D1451DD0 .scope module, "fa" "full_adder" 5 20, 6 1 0, S_00000272D1452D70;
 .timescale -9 -12;
    .port_info 0 /INPUT 1 "a";
    .port_info 1 /INPUT 1 "b";
    .port_info 2 /INPUT 1 "cin";
    .port_info 3 /OUTPUT 1 "sum";
    .port_info 4 /OUTPUT 1 "cout";
L_00000272D14DAA60 .functor XOR 1, L_00000272D14CACD0, L_00000272D14CAD70, C4<0>, C4<0>;
L_00000272D14D9DB0 .functor XOR 1, L_00000272D14DAA60, L_00000272D14CAE10, C4<0>, C4<0>;
L_00000272D14DA6E0 .functor AND 1, L_00000272D14CACD0, L_00000272D14CAD70, C4<1>, C4<1>;
L_00000272D14DA600 .functor XOR 1, L_00000272D14CACD0, L_00000272D14CAD70, C4<0>, C4<0>;
L_00000272D14DAC20 .functor AND 1, L_00000272D14CAE10, L_00000272D14DA600, C4<1>, C4<1>;
L_00000272D14DA360 .functor OR 1, L_00000272D14DA6E0, L_00000272D14DAC20, C4<0>, C4<0>;
v00000272D143D1B0_0 .net *"_ivl_0", 0 0, L_00000272D14DAA60;  1 drivers
v00000272D143C3F0_0 .net *"_ivl_4", 0 0, L_00000272D14DA6E0;  1 drivers
v00000272D143E290_0 .net *"_ivl_6", 0 0, L_00000272D14DA600;  1 drivers
v00000272D143E650_0 .net *"_ivl_8", 0 0, L_00000272D14DAC20;  1 drivers
v00000272D143E6F0_0 .net "a", 0 0, L_00000272D14CACD0;  1 drivers
v00000272D143C710_0 .net "b", 0 0, L_00000272D14CAD70;  1 drivers
v00000272D143D390_0 .net "cin", 0 0, L_00000272D14CAE10;  1 drivers
v00000272D143D6B0_0 .net "cout", 0 0, L_00000272D14DA360;  1 drivers
v00000272D143E470_0 .net "sum", 0 0, L_00000272D14D9DB0;  1 drivers
S_00000272D1451AB0 .scope generate, "fa_loop[31]" "fa_loop[31]" 5 19, 5 19 0, S_00000272D1430080;
 .timescale -9 -12;
P_00000272D137C0D0 .param/l "i" 1 5 19, +C4<011111>;
S_00000272D1452F00 .scope module, "fa" "full_adder" 5 20, 6 1 0, S_00000272D1451AB0;
 .timescale -9 -12;
    .port_info 0 /INPUT 1 "a";
    .port_info 1 /INPUT 1 "b";
    .port_info 2 /INPUT 1 "cin";
    .port_info 3 /OUTPUT 1 "sum";
    .port_info 4 /OUTPUT 1 "cout";
L_00000272D14DADE0 .functor XOR 1, L_00000272D14CAFF0, L_00000272D14CB090, C4<0>, C4<0>;
L_00000272D14DAF30 .functor XOR 1, L_00000272D14DADE0, L_00000272D14CD750, C4<0>, C4<0>;
L_00000272D14DAFA0 .functor AND 1, L_00000272D14CAFF0, L_00000272D14CB090, C4<1>, C4<1>;
L_00000272D14DB080 .functor XOR 1, L_00000272D14CAFF0, L_00000272D14CB090, C4<0>, C4<0>;
L_00000272D14DB1D0 .functor AND 1, L_00000272D14CD750, L_00000272D14DB080, C4<1>, C4<1>;
L_00000272D14D9640 .functor OR 1, L_00000272D14DAFA0, L_00000272D14DB1D0, C4<0>, C4<0>;
v00000272D143CCB0_0 .net *"_ivl_0", 0 0, L_00000272D14DADE0;  1 drivers
v00000272D143CDF0_0 .net *"_ivl_4", 0 0, L_00000272D14DAFA0;  1 drivers
v00000272D143DED0_0 .net *"_ivl_6", 0 0, L_00000272D14DB080;  1 drivers
v00000272D143E790_0 .net *"_ivl_8", 0 0, L_00000272D14DB1D0;  1 drivers
v00000272D143E5B0_0 .net "a", 0 0, L_00000272D14CAFF0;  1 drivers
v00000272D143D430_0 .net "b", 0 0, L_00000272D14CB090;  1 drivers
v00000272D143E1F0_0 .net "cin", 0 0, L_00000272D14CD750;  1 drivers
v00000272D143E830_0 .net "cout", 0 0, L_00000272D14D9640;  1 drivers
v00000272D143DA70_0 .net "sum", 0 0, L_00000272D14DAF30;  1 drivers
S_00000272D1451F60 .scope module, "u_reg_file" "reg_file" 3 86, 14 1 0, S_00000272D12E4860;
 .timescale -9 -12;
    .port_info 0 /INPUT 1 "clk";
    .port_info 1 /INPUT 1 "we3";
    .port_info 2 /INPUT 5 "a1";
    .port_info 3 /INPUT 5 "a2";
    .port_info 4 /INPUT 5 "a3";
    .port_info 5 /INPUT 32 "wd3";
    .port_info 6 /OUTPUT 32 "rd1";
    .port_info 7 /OUTPUT 32 "rd2";
L_00000272D145EA50 .functor BUFT 1, C4<00000>, C4<0>, C4<0>, C4<0>;
v00000272D143D570_0 .net/2u *"_ivl_0", 4 0, L_00000272D145EA50;  1 drivers
L_00000272D145EAE0 .functor BUFT 1, C4<00>, C4<0>, C4<0>, C4<0>;
v00000272D143C8F0_0 .net *"_ivl_11", 1 0, L_00000272D145EAE0;  1 drivers
L_00000272D145EB28 .functor BUFT 1, C4<00000>, C4<0>, C4<0>, C4<0>;
v00000272D143C210_0 .net/2u *"_ivl_14", 4 0, L_00000272D145EB28;  1 drivers
v00000272D143CB70_0 .net *"_ivl_16", 0 0, L_00000272D1444370;  1 drivers
L_00000272D145EB70 .functor BUFT 1, C4<00000000000000000000000000000000>, C4<0>, C4<0>, C4<0>;
v00000272D143CC10_0 .net/2u *"_ivl_18", 31 0, L_00000272D145EB70;  1 drivers
v00000272D143C2B0_0 .net *"_ivl_2", 0 0, L_00000272D1443E70;  1 drivers
v00000272D143D930_0 .net *"_ivl_20", 31 0, L_00000272D1444690;  1 drivers
v00000272D143D250_0 .net *"_ivl_22", 6 0, L_00000272D1443B50;  1 drivers
L_00000272D145EBB8 .functor BUFT 1, C4<00>, C4<0>, C4<0>, C4<0>;
v00000272D143D890_0 .net *"_ivl_25", 1 0, L_00000272D145EBB8;  1 drivers
L_00000272D145EA98 .functor BUFT 1, C4<00000000000000000000000000000000>, C4<0>, C4<0>, C4<0>;
v00000272D143D750_0 .net/2u *"_ivl_4", 31 0, L_00000272D145EA98;  1 drivers
v00000272D143DD90_0 .net *"_ivl_6", 31 0, L_00000272D14440F0;  1 drivers
v00000272D143D2F0_0 .net *"_ivl_8", 6 0, L_00000272D14442D0;  1 drivers
v00000272D143C530_0 .net "a1", 4 0, L_00000272D1444550;  1 drivers
v00000272D143E0B0_0 .net "a2", 4 0, L_00000272D1443DD0;  1 drivers
v00000272D143D9D0_0 .net "a3", 4 0, L_00000272D1444730;  1 drivers
v00000272D143CE90_0 .net "clk", 0 0, v00000272D1441030_0;  alias, 1 drivers
v00000272D143C5D0_0 .net "rd1", 31 0, L_00000272D1443A10;  alias, 1 drivers
v00000272D143DE30_0 .net "rd2", 31 0, L_00000272D1444410;  alias, 1 drivers
v00000272D143DC50 .array "rf", 0 31, 31 0;
v00000272D143DB10_0 .net "wd3", 31 0, v00000272D143C990_0;  alias, 1 drivers
v00000272D143DBB0_0 .net "we3", 0 0, L_00000272D145B9F0;  alias, 1 drivers
L_00000272D1443E70 .cmp/eq 5, L_00000272D1444550, L_00000272D145EA50;
L_00000272D14440F0 .array/port v00000272D143DC50, L_00000272D14442D0;
L_00000272D14442D0 .concat [ 5 2 0 0], L_00000272D1444550, L_00000272D145EAE0;
L_00000272D1443A10 .functor MUXZ 32, L_00000272D14440F0, L_00000272D145EA98, L_00000272D1443E70, C4<>;
L_00000272D1444370 .cmp/eq 5, L_00000272D1443DD0, L_00000272D145EB28;
L_00000272D1444690 .array/port v00000272D143DC50, L_00000272D1443B50;
L_00000272D1443B50 .concat [ 5 2 0 0], L_00000272D1443DD0, L_00000272D145EBB8;
L_00000272D1444410 .functor MUXZ 32, L_00000272D1444690, L_00000272D145EB70, L_00000272D1444370, C4<>;
S_00000272D1453EA0 .scope module, "u_result_mux" "mux3" 3 142, 15 4 0, S_00000272D12E4860;
 .timescale -9 -12;
    .port_info 0 /INPUT 32 "d0";
    .port_info 1 /INPUT 32 "d1";
    .port_info 2 /INPUT 32 "d2";
    .port_info 3 /INPUT 2 "s";
    .port_info 4 /OUTPUT 32 "y";
P_00000272D137BE50 .param/l "WIDTH" 0 15 5, +C4<00000000000000000000000000100000>;
v00000272D143CF30_0 .net "d0", 31 0, L_00000272D14D64C0;  alias, 1 drivers
v00000272D143C7B0_0 .net "d1", 31 0, L_00000272D14D9790;  alias, 1 drivers
v00000272D143D610_0 .net "d2", 31 0, L_00000272D1443790;  alias, 1 drivers
v00000272D143DCF0_0 .net "s", 1 0, L_00000272D145B7C0;  alias, 1 drivers
v00000272D143C990_0 .var "y", 31 0;
E_00000272D137BED0 .event anyedge, v00000272D14151E0_0, v00000272D1403F40_0, v00000272D1414F60_0, v00000272D1414880_0;
S_00000272D1453090 .scope module, "u_srcb_mux" "mux2" 3 106, 12 2 0, S_00000272D12E4860;
 .timescale -9 -12;
    .port_info 0 /INPUT 32 "d0";
    .port_info 1 /INPUT 32 "d1";
    .port_info 2 /INPUT 1 "s";
    .port_info 3 /OUTPUT 32 "y";
P_00000272D137BF10 .param/l "WIDTH" 0 12 3, +C4<00000000000000000000000000100000>;
v00000272D143CA30_0 .net "d0", 31 0, L_00000272D1444410;  alias, 1 drivers
v00000272D143DF70_0 .net "d1", 31 0, v00000272D1414C40_0;  alias, 1 drivers
v00000272D143E010_0 .net "s", 0 0, v00000272D1403220_0;  alias, 1 drivers
v00000272D143F550_0 .net "y", 31 0, L_00000272D1444230;  alias, 1 drivers
L_00000272D1444230 .functor MUXZ 32, L_00000272D1444410, v00000272D1414C40_0, v00000272D1403220_0, C4<>;
    .scope S_00000272D14104C0;
T_0 ;
    %wait E_00000272D137AE10;
    %load/vec4 v00000272D1414EC0_0;
    %nor/r;
    %flag_set/vec4 8;
    %jmp/0xz  T_0.0, 8;
    %pushi/vec4 4096, 0, 32;
    %assign/vec4 v00000272D1413DE0_0, 0;
    %jmp T_0.1;
T_0.0 ;
    %load/vec4 v00000272D1414BA0_0;
    %assign/vec4 v00000272D1413DE0_0, 0;
T_0.1 ;
    %jmp T_0;
    .thread T_0;
    .scope S_00000272D140EBC0;
T_1 ;
    %pushi/vec4 0, 0, 32;
    %store/vec4 v00000272D1413520_0, 0, 32;
T_1.0 ; Top of for-loop
    %load/vec4 v00000272D1413520_0;
    %cmpi/s 2048, 0, 32;
	  %jmp/0xz T_1.1, 5;
    %pushi/vec4 0, 0, 32;
    %ix/getv/s 4, v00000272D1413520_0;
    %store/vec4a v00000272D14142E0, 4, 0;
T_1.2 ; for-loop step statement
    %load/vec4 v00000272D1413520_0;
    %addi 1, 0, 32;
    %store/vec4 v00000272D1413520_0, 0, 32;
    %jmp T_1.0;
T_1.1 ; for-loop exit label
    %vpi_call 11 20 "$readmemh", "program.hex", v00000272D14142E0 {0 0 0};
    %vpi_call 11 21 "$display", "[IMEM DEBUG] mem[1024] = 0x%h", &A<v00000272D14142E0, 1024> {0 0 0};
    %end;
    .thread T_1;
    .scope S_00000272D140F200;
T_2 ;
    %wait E_00000272D137B0D0;
    %load/vec4 v00000272D1415320_0;
    %dup/vec4;
    %pushi/vec4 3, 0, 7;
    %cmp/e;
    %jmp/1 T_2.0, 6;
    %dup/vec4;
    %pushi/vec4 35, 0, 7;
    %cmp/e;
    %jmp/1 T_2.1, 6;
    %dup/vec4;
    %pushi/vec4 51, 0, 7;
    %cmp/e;
    %jmp/1 T_2.2, 6;
    %dup/vec4;
    %pushi/vec4 19, 0, 7;
    %cmp/e;
    %jmp/1 T_2.3, 6;
    %dup/vec4;
    %pushi/vec4 99, 0, 7;
    %cmp/e;
    %jmp/1 T_2.4, 6;
    %dup/vec4;
    %pushi/vec4 111, 0, 7;
    %cmp/e;
    %jmp/1 T_2.5, 6;
    %pushi/vec4 0, 0, 1;
    %store/vec4 v00000272D1415280_0, 0, 1;
    %pushi/vec4 0, 0, 2;
    %store/vec4 v00000272D14035E0_0, 0, 2;
    %pushi/vec4 0, 0, 1;
    %store/vec4 v00000272D1403220_0, 0, 1;
    %pushi/vec4 0, 0, 1;
    %store/vec4 v00000272D14153C0_0, 0, 1;
    %pushi/vec4 0, 0, 2;
    %store/vec4 v00000272D14135C0_0, 0, 2;
    %pushi/vec4 0, 0, 1;
    %store/vec4 v00000272D1401C40_0, 0, 1;
    %pushi/vec4 0, 0, 1;
    %store/vec4 v00000272D14141A0_0, 0, 1;
    %pushi/vec4 0, 0, 2;
    %store/vec4 v00000272D14030E0_0, 0, 2;
    %jmp T_2.7;
T_2.0 ;
    %pushi/vec4 1, 0, 1;
    %store/vec4 v00000272D1415280_0, 0, 1;
    %pushi/vec4 0, 0, 2;
    %store/vec4 v00000272D14035E0_0, 0, 2;
    %pushi/vec4 1, 0, 1;
    %store/vec4 v00000272D1403220_0, 0, 1;
    %pushi/vec4 0, 0, 1;
    %store/vec4 v00000272D14153C0_0, 0, 1;
    %pushi/vec4 1, 0, 2;
    %store/vec4 v00000272D14135C0_0, 0, 2;
    %pushi/vec4 0, 0, 1;
    %store/vec4 v00000272D1401C40_0, 0, 1;
    %pushi/vec4 0, 0, 1;
    %store/vec4 v00000272D14141A0_0, 0, 1;
    %pushi/vec4 0, 0, 2;
    %store/vec4 v00000272D14030E0_0, 0, 2;
    %jmp T_2.7;
T_2.1 ;
    %pushi/vec4 0, 0, 1;
    %store/vec4 v00000272D1415280_0, 0, 1;
    %pushi/vec4 1, 0, 2;
    %store/vec4 v00000272D14035E0_0, 0, 2;
    %pushi/vec4 1, 0, 1;
    %store/vec4 v00000272D1403220_0, 0, 1;
    %pushi/vec4 1, 0, 1;
    %store/vec4 v00000272D14153C0_0, 0, 1;
    %pushi/vec4 0, 0, 2;
    %store/vec4 v00000272D14135C0_0, 0, 2;
    %pushi/vec4 0, 0, 1;
    %store/vec4 v00000272D1401C40_0, 0, 1;
    %pushi/vec4 0, 0, 1;
    %store/vec4 v00000272D14141A0_0, 0, 1;
    %pushi/vec4 0, 0, 2;
    %store/vec4 v00000272D14030E0_0, 0, 2;
    %jmp T_2.7;
T_2.2 ;
    %pushi/vec4 1, 0, 1;
    %store/vec4 v00000272D1415280_0, 0, 1;
    %pushi/vec4 0, 0, 2;
    %store/vec4 v00000272D14035E0_0, 0, 2;
    %pushi/vec4 0, 0, 1;
    %store/vec4 v00000272D1403220_0, 0, 1;
    %pushi/vec4 0, 0, 1;
    %store/vec4 v00000272D14153C0_0, 0, 1;
    %pushi/vec4 0, 0, 2;
    %store/vec4 v00000272D14135C0_0, 0, 2;
    %pushi/vec4 0, 0, 1;
    %store/vec4 v00000272D1401C40_0, 0, 1;
    %pushi/vec4 0, 0, 1;
    %store/vec4 v00000272D14141A0_0, 0, 1;
    %pushi/vec4 2, 0, 2;
    %store/vec4 v00000272D14030E0_0, 0, 2;
    %jmp T_2.7;
T_2.3 ;
    %pushi/vec4 1, 0, 1;
    %store/vec4 v00000272D1415280_0, 0, 1;
    %pushi/vec4 0, 0, 2;
    %store/vec4 v00000272D14035E0_0, 0, 2;
    %pushi/vec4 1, 0, 1;
    %store/vec4 v00000272D1403220_0, 0, 1;
    %pushi/vec4 0, 0, 1;
    %store/vec4 v00000272D14153C0_0, 0, 1;
    %pushi/vec4 0, 0, 2;
    %store/vec4 v00000272D14135C0_0, 0, 2;
    %pushi/vec4 0, 0, 1;
    %store/vec4 v00000272D1401C40_0, 0, 1;
    %pushi/vec4 0, 0, 1;
    %store/vec4 v00000272D14141A0_0, 0, 1;
    %pushi/vec4 2, 0, 2;
    %store/vec4 v00000272D14030E0_0, 0, 2;
    %jmp T_2.7;
T_2.4 ;
    %pushi/vec4 0, 0, 1;
    %store/vec4 v00000272D1415280_0, 0, 1;
    %pushi/vec4 2, 0, 2;
    %store/vec4 v00000272D14035E0_0, 0, 2;
    %pushi/vec4 0, 0, 1;
    %store/vec4 v00000272D1403220_0, 0, 1;
    %pushi/vec4 0, 0, 1;
    %store/vec4 v00000272D14153C0_0, 0, 1;
    %pushi/vec4 0, 0, 2;
    %store/vec4 v00000272D14135C0_0, 0, 2;
    %pushi/vec4 1, 0, 1;
    %store/vec4 v00000272D1401C40_0, 0, 1;
    %pushi/vec4 0, 0, 1;
    %store/vec4 v00000272D14141A0_0, 0, 1;
    %pushi/vec4 1, 0, 2;
    %store/vec4 v00000272D14030E0_0, 0, 2;
    %jmp T_2.7;
T_2.5 ;
    %pushi/vec4 1, 0, 1;
    %store/vec4 v00000272D1415280_0, 0, 1;
    %pushi/vec4 3, 0, 2;
    %store/vec4 v00000272D14035E0_0, 0, 2;
    %pushi/vec4 0, 0, 1;
    %store/vec4 v00000272D1403220_0, 0, 1;
    %pushi/vec4 0, 0, 1;
    %store/vec4 v00000272D14153C0_0, 0, 1;
    %pushi/vec4 2, 0, 2;
    %store/vec4 v00000272D14135C0_0, 0, 2;
    %pushi/vec4 0, 0, 1;
    %store/vec4 v00000272D1401C40_0, 0, 1;
    %pushi/vec4 1, 0, 1;
    %store/vec4 v00000272D14141A0_0, 0, 1;
    %pushi/vec4 0, 0, 2;
    %store/vec4 v00000272D14030E0_0, 0, 2;
    %jmp T_2.7;
T_2.7 ;
    %pop/vec4 1;
    %jmp T_2;
    .thread T_2, $push;
    .scope S_00000272D140F200;
T_3 ;
    %wait E_00000272D137AD50;
    %load/vec4 v00000272D14030E0_0;
    %dup/vec4;
    %pushi/vec4 0, 0, 2;
    %cmp/e;
    %jmp/1 T_3.0, 6;
    %dup/vec4;
    %pushi/vec4 1, 0, 2;
    %cmp/e;
    %jmp/1 T_3.1, 6;
    %dup/vec4;
    %pushi/vec4 2, 0, 2;
    %cmp/e;
    %jmp/1 T_3.2, 6;
    %pushi/vec4 0, 0, 3;
    %store/vec4 v00000272D1402E60_0, 0, 3;
    %jmp T_3.4;
T_3.0 ;
    %pushi/vec4 0, 0, 3;
    %store/vec4 v00000272D1402E60_0, 0, 3;
    %jmp T_3.4;
T_3.1 ;
    %pushi/vec4 1, 0, 3;
    %store/vec4 v00000272D1402E60_0, 0, 3;
    %jmp T_3.4;
T_3.2 ;
    %load/vec4 v00000272D1402960_0;
    %dup/vec4;
    %pushi/vec4 0, 0, 3;
    %cmp/e;
    %jmp/1 T_3.5, 6;
    %dup/vec4;
    %pushi/vec4 2, 0, 3;
    %cmp/e;
    %jmp/1 T_3.6, 6;
    %dup/vec4;
    %pushi/vec4 6, 0, 3;
    %cmp/e;
    %jmp/1 T_3.7, 6;
    %dup/vec4;
    %pushi/vec4 7, 0, 3;
    %cmp/e;
    %jmp/1 T_3.8, 6;
    %pushi/vec4 0, 0, 3;
    %store/vec4 v00000272D1402E60_0, 0, 3;
    %jmp T_3.10;
T_3.5 ;
    %load/vec4 v00000272D1401F60_0;
    %flag_set/vec4 9;
    %flag_get/vec4 9;
    %jmp/0 T_3.13, 9;
    %load/vec4 v00000272D1415320_0;
    %parti/s 1, 5, 4;
    %and;
T_3.13;
    %flag_set/vec4 8;
    %jmp/0xz  T_3.11, 8;
    %pushi/vec4 1, 0, 3;
    %store/vec4 v00000272D1402E60_0, 0, 3;
    %jmp T_3.12;
T_3.11 ;
    %pushi/vec4 0, 0, 3;
    %store/vec4 v00000272D1402E60_0, 0, 3;
T_3.12 ;
    %jmp T_3.10;
T_3.6 ;
    %pushi/vec4 5, 0, 3;
    %store/vec4 v00000272D1402E60_0, 0, 3;
    %jmp T_3.10;
T_3.7 ;
    %pushi/vec4 3, 0, 3;
    %store/vec4 v00000272D1402E60_0, 0, 3;
    %jmp T_3.10;
T_3.8 ;
    %pushi/vec4 2, 0, 3;
    %store/vec4 v00000272D1402E60_0, 0, 3;
    %jmp T_3.10;
T_3.10 ;
    %pop/vec4 1;
    %jmp T_3.4;
T_3.4 ;
    %pop/vec4 1;
    %jmp T_3;
    .thread T_3, $push;
    .scope S_00000272D1451F60;
T_4 ;
    %wait E_00000272D137AE50;
    %load/vec4 v00000272D143DBB0_0;
    %flag_set/vec4 9;
    %flag_get/vec4 9;
    %jmp/0 T_4.2, 9;
    %load/vec4 v00000272D143D9D0_0;
    %pushi/vec4 0, 0, 5;
    %cmp/ne;
    %flag_get/vec4 4;
    %and;
T_4.2;
    %flag_set/vec4 8;
    %jmp/0xz  T_4.0, 8;
    %load/vec4 v00000272D143DB10_0;
    %load/vec4 v00000272D143D9D0_0;
    %pad/u 7;
    %ix/vec4 3;
    %ix/load 4, 0, 0; Constant delay
    %assign/vec4/a/d v00000272D143DC50, 0, 4;
T_4.0 ;
    %jmp T_4;
    .thread T_4;
    .scope S_00000272D1410010;
T_5 ;
    %wait E_00000272D137A2D0;
    %load/vec4 v00000272D1415780_0;
    %dup/vec4;
    %pushi/vec4 0, 0, 2;
    %cmp/e;
    %jmp/1 T_5.0, 6;
    %dup/vec4;
    %pushi/vec4 1, 0, 2;
    %cmp/e;
    %jmp/1 T_5.1, 6;
    %dup/vec4;
    %pushi/vec4 2, 0, 2;
    %cmp/e;
    %jmp/1 T_5.2, 6;
    %dup/vec4;
    %pushi/vec4 3, 0, 2;
    %cmp/e;
    %jmp/1 T_5.3, 6;
    %pushi/vec4 0, 0, 32;
    %store/vec4 v00000272D1414C40_0, 0, 32;
    %jmp T_5.5;
T_5.0 ;
    %load/vec4 v00000272D1414920_0;
    %parti/s 1, 24, 6;
    %replicate 20;
    %load/vec4 v00000272D1414920_0;
    %parti/s 12, 13, 5;
    %concat/vec4; draw_concat_vec4
    %store/vec4 v00000272D1414C40_0, 0, 32;
    %jmp T_5.5;
T_5.1 ;
    %load/vec4 v00000272D1414920_0;
    %parti/s 1, 24, 6;
    %replicate 20;
    %load/vec4 v00000272D1414920_0;
    %parti/s 7, 18, 6;
    %concat/vec4; draw_concat_vec4
    %load/vec4 v00000272D1414920_0;
    %parti/s 5, 0, 2;
    %concat/vec4; draw_concat_vec4
    %store/vec4 v00000272D1414C40_0, 0, 32;
    %jmp T_5.5;
T_5.2 ;
    %load/vec4 v00000272D1414920_0;
    %parti/s 1, 24, 6;
    %replicate 20;
    %load/vec4 v00000272D1414920_0;
    %parti/s 1, 0, 2;
    %concat/vec4; draw_concat_vec4
    %load/vec4 v00000272D1414920_0;
    %parti/s 6, 18, 6;
    %concat/vec4; draw_concat_vec4
    %load/vec4 v00000272D1414920_0;
    %parti/s 4, 1, 2;
    %concat/vec4; draw_concat_vec4
    %concati/vec4 0, 0, 1;
    %store/vec4 v00000272D1414C40_0, 0, 32;
    %jmp T_5.5;
T_5.3 ;
    %load/vec4 v00000272D1414920_0;
    %parti/s 1, 24, 6;
    %replicate 12;
    %load/vec4 v00000272D1414920_0;
    %parti/s 8, 5, 4;
    %concat/vec4; draw_concat_vec4
    %load/vec4 v00000272D1414920_0;
    %parti/s 1, 13, 5;
    %concat/vec4; draw_concat_vec4
    %load/vec4 v00000272D1414920_0;
    %parti/s 10, 14, 5;
    %concat/vec4; draw_concat_vec4
    %concati/vec4 0, 0, 1;
    %store/vec4 v00000272D1414C40_0, 0, 32;
    %jmp T_5.5;
T_5.5 ;
    %pop/vec4 1;
    %jmp T_5;
    .thread T_5, $push;
    .scope S_00000272D1016690;
T_6 ;
    %wait E_00000272D1378650;
    %load/vec4 v00000272D1403CC0_0;
    %dup/vec4;
    %pushi/vec4 0, 0, 3;
    %cmp/e;
    %jmp/1 T_6.0, 6;
    %dup/vec4;
    %pushi/vec4 1, 0, 3;
    %cmp/e;
    %jmp/1 T_6.1, 6;
    %dup/vec4;
    %pushi/vec4 2, 0, 3;
    %cmp/e;
    %jmp/1 T_6.2, 6;
    %dup/vec4;
    %pushi/vec4 3, 0, 3;
    %cmp/e;
    %jmp/1 T_6.3, 6;
    %dup/vec4;
    %pushi/vec4 5, 0, 3;
    %cmp/e;
    %jmp/1 T_6.4, 6;
    %pushi/vec4 0, 0, 32;
    %store/vec4 v00000272D14020A0_0, 0, 32;
    %jmp T_6.6;
T_6.0 ;
    %load/vec4 v00000272D1403040_0;
    %store/vec4 v00000272D14020A0_0, 0, 32;
    %jmp T_6.6;
T_6.1 ;
    %load/vec4 v00000272D1403040_0;
    %store/vec4 v00000272D14020A0_0, 0, 32;
    %jmp T_6.6;
T_6.2 ;
    %load/vec4 v00000272D1403180_0;
    %store/vec4 v00000272D14020A0_0, 0, 32;
    %jmp T_6.6;
T_6.3 ;
    %load/vec4 v00000272D1402500_0;
    %store/vec4 v00000272D14020A0_0, 0, 32;
    %jmp T_6.6;
T_6.4 ;
    %load/vec4 v00000272D14019C0_0;
    %store/vec4 v00000272D14020A0_0, 0, 32;
    %jmp T_6.6;
T_6.6 ;
    %pop/vec4 1;
    %jmp T_6;
    .thread T_6, $push;
    .scope S_00000272D140FCF0;
T_7 ;
    %pushi/vec4 0, 0, 32;
    %store/vec4 v00000272D1413D40_0, 0, 32;
T_7.0 ; Top of for-loop
    %load/vec4 v00000272D1413D40_0;
    %cmpi/s 4096, 0, 32;
	  %jmp/0xz T_7.1, 5;
    %pushi/vec4 0, 0, 32;
    %ix/getv/s 4, v00000272D1413D40_0;
    %store/vec4a v00000272D1415460, 4, 0;
T_7.2 ; for-loop step statement
    %load/vec4 v00000272D1413D40_0;
    %addi 1, 0, 32;
    %store/vec4 v00000272D1413D40_0, 0, 32;
    %jmp T_7.0;
T_7.1 ; for-loop exit label
    %end;
    .thread T_7;
    .scope S_00000272D140FCF0;
T_8 ;
    %wait E_00000272D137AE50;
    %load/vec4 v00000272D1414740_0;
    %flag_set/vec4 8;
    %jmp/0xz  T_8.0, 8;
    %load/vec4 v00000272D14144C0_0;
    %load/vec4 v00000272D14149C0_0;
    %parti/s 30, 2, 3;
    %ix/vec4 3;
    %ix/load 4, 0, 0; Constant delay
    %assign/vec4/a/d v00000272D1415460, 0, 4;
T_8.0 ;
    %jmp T_8;
    .thread T_8;
    .scope S_00000272D1453EA0;
T_9 ;
    %wait E_00000272D137BED0;
    %load/vec4 v00000272D143DCF0_0;
    %dup/vec4;
    %pushi/vec4 0, 0, 2;
    %cmp/e;
    %jmp/1 T_9.0, 6;
    %dup/vec4;
    %pushi/vec4 1, 0, 2;
    %cmp/e;
    %jmp/1 T_9.1, 6;
    %dup/vec4;
    %pushi/vec4 2, 0, 2;
    %cmp/e;
    %jmp/1 T_9.2, 6;
    %pushi/vec4 0, 0, 32;
    %store/vec4 v00000272D143C990_0, 0, 32;
    %jmp T_9.4;
T_9.0 ;
    %load/vec4 v00000272D143CF30_0;
    %store/vec4 v00000272D143C990_0, 0, 32;
    %jmp T_9.4;
T_9.1 ;
    %load/vec4 v00000272D143C7B0_0;
    %store/vec4 v00000272D143C990_0, 0, 32;
    %jmp T_9.4;
T_9.2 ;
    %load/vec4 v00000272D143D610_0;
    %store/vec4 v00000272D143C990_0, 0, 32;
    %jmp T_9.4;
T_9.4 ;
    %pop/vec4 1;
    %jmp T_9;
    .thread T_9, $push;
    .scope S_00000272D12E46D0;
T_10 ;
    %delay 5000, 0;
    %load/vec4 v00000272D1441030_0;
    %inv;
    %store/vec4 v00000272D1441030_0, 0, 1;
    %jmp T_10;
    .thread T_10;
    .scope S_00000272D12E46D0;
T_11 ;
    %vpi_call 2 21 "$dumpfile", "riscv_single.vcd" {0 0 0};
    %vpi_call 2 22 "$dumpvars", 32'sb00000000000000000000000000000000, S_00000272D12E46D0 {0 0 0};
    %pushi/vec4 0, 0, 1;
    %store/vec4 v00000272D1441030_0, 0, 1;
    %pushi/vec4 0, 0, 1;
    %store/vec4 v00000272D143F9B0_0, 0, 1;
    %delay 22000, 0;
    %pushi/vec4 1, 0, 1;
    %store/vec4 v00000272D143F9B0_0, 0, 1;
    %pushi/vec4 8196, 0, 32;
    %ix/load 4, 9, 0;
    %flag_set/imm 4, 0;
    %store/vec4a v00000272D143DC50, 4, 0;
    %pushi/vec4 6, 0, 32;
    %ix/load 4, 5, 0;
    %flag_set/imm 4, 0;
    %store/vec4a v00000272D143DC50, 4, 0;
    %pushi/vec4 10, 0, 32;
    %ix/load 4, 2048, 0;
    %flag_set/imm 4, 0;
    %store/vec4a v00000272D1415460, 4, 0;
    %vpi_call 2 40 "$monitor", "Time=%0t | PC=0x%h | Instr=0x%h | ALURes=0x%h | Zero=%b | RegW=%b Res=0x%h | MemW=%b ReadData=0x%h | PCSrc=%b", $time, v00000272D143F730_0, v00000272D143FC30_0, v00000272D143EB50_0, v00000272D143EBF0_0, v00000272D143EFB0_0, v00000272D143FFF0_0, v00000272D143EF10_0, v00000272D143ED30_0, v00000272D143F4B0_0 {0 0 0};
    %delay 20000, 0;
    %pushi/vec4 1, 0, 1;
    %store/vec4 v00000272D143F9B0_0, 0, 1;
    %delay 120000, 0;
    %vpi_call 2 51 "$finish" {0 0 0};
    %end;
    .thread T_11;
# The file index is used to find the file name in the following table.
:file_names 16;
    "N/A";
    "<interactive>";
    "tb_riscv_single.v";
    "riscv_single.v";
    "alu.v";
    "adder_32.v";
    "full_adder.v";
    "controller.v";
    "dff_pc.v";
    "data_memory.v";
    "extend.v";
    "instruction_memory.v";
    "mux2.v";
    "pc_plus4.v";
    "reg_file.v";
    "mux3.v";
